"Date","Price","Open","High","Low","Vol.","Change %"
"05/01/2025","978.50","971.00","982.00","970.00","2.27K","1.29%"
"04/30/2025","966.00","970.00","975.50","959.00","7.69K","-0.31%"
"04/29/2025","969.00","969.00","975.00","965.00","9.83K","0.52%"
"04/28/2025","964.00","955.00","966.50","954.00","18.64K","0.21%"
"04/25/2025","962.00","970.00","970.00","959.50","6.45K","-1.13%"
"04/24/2025","973.00","955.50","979.00","955.50","20.00K","-0.61%"
"04/23/2025","979.00","984.00","984.00","972.00","13.47K","1.45%"
"04/22/2025","965.00","962.00","966.00","957.50","7.67K","-0.10%"
"04/17/2025","966.00","963.00","971.50","962.00","7.93K","0.63%"
"04/16/2025","960.00","948.00","962.00","948.00","15.61K","-2.78%"
"04/15/2025","987.50","986.50","992.50","985.50","10.94K","0.36%"
"04/14/2025","984.00","988.50","993.50","981.00","13.71K","2.71%"
"04/11/2025","958.00","945.50","964.50","945.50","17.04K","1.59%"
"04/10/2025","943.00","961.50","966.00","943.00","18.03K","5.48%"
"04/09/2025","894.00","893.00","906.50","885.00","19.35K","-2.08%"
"04/08/2025","913.00","911.50","931.00","894.00","40.68K","0.66%"
"04/07/2025","907.00","900.00","933.50","889.00","35.77K","-2.47%"
"04/04/2025","930.00","960.50","966.00","916.50","30.94K","-3.02%"
"04/03/2025","959.00","968.00","980.50","959.00","27.87K","-4.29%"
"04/02/2025","1,002.00","998.50","1,002.00","993.00","8.38K","0.35%"
"04/01/2025","998.50","993.50","1,002.00","990.00","9.38K","2.62%"
"03/31/2025","973.00","976.00","981.00","966.50","17.92K","-3.18%"
"03/28/2025","1,005.00","1,020.00","1,021.00","1,005.00","13.41K","-3.83%"
"03/27/2025","1,045.00","1,046.00","1,053.00","1,041.00","12.48K","1.26%"
"03/26/2025","1,032.00","1,039.00","1,040.00","1,028.00","14.94K","1.08%"
"03/25/2025","1,021.00","1,016.00","1,021.00","1,007.00","12.20K","-0.87%"
"03/24/2025","1,030.00","1,027.00","1,034.00","1,026.00","11.55K","-0.68%"
"03/21/2025","1,037.00","1,050.00","1,052.00","1,034.00","19.93K","1.87%"
"03/20/2025","1,018.00","1,024.00","1,027.00","1,013.00","17.52K","0.99%"
"03/19/2025","1,008.00","1,001.00","1,008.00","1,000.00","8.08K","1.72%"
"03/18/2025","991.00","991.00","1,000.00","983.00","11.64K","-0.70%"
"03/17/2025","998.00","990.00","1,005.00","987.00","19.59K","4.83%"
"03/14/2025","952.00","943.50","953.00","938.50","19.47K","2.09%"
"03/13/2025","932.50","934.00","939.50","932.00","16.90K","-1.64%"
"03/12/2025","948.00","941.00","952.00","940.50","11.48K","3.32%"
"03/11/2025","917.50","920.00","927.50","911.00","10.89K","0.94%"
"03/10/2025","909.00","922.00","922.00","903.00","14.75K","-0.71%"
"03/07/2025","915.50","928.00","932.50","915.50","17.20K","-1.77%"
"03/06/2025","932.00","935.50","938.00","924.50","12.70K","-0.32%"
"03/05/2025","935.00","930.00","941.50","927.00","9.08K","1.30%"
"03/04/2025","923.00","930.00","932.00","919.00","13.03K","-2.64%"
"03/03/2025","948.00","942.00","957.00","940.50","11.42K","1.66%"
"02/28/2025","932.50","930.00","938.50","926.00","12.31K","-3.62%"
"02/27/2025","967.50","977.00","980.00","964.00","11.14K","-2.71%"
"02/26/2025","994.50","987.00","996.00","986.00","8.26K","0.45%"
"02/25/2025","990.00","998.00","1,001.00","990.00","15.01K","-1.39%"
"02/24/2025","1,004.00","1,007.00","1,010.00","996.00","13.23K","-0.79%"
"02/21/2025","1,012.00","1,020.00","1,021.00","1,012.00","19.31K","-0.88%"
"02/20/2025","1,021.00","1,016.00","1,024.00","1,012.00","27.68K","-0.10%"
"02/19/2025","1,022.00","1,026.00","1,027.00","1,016.00","32.92K","2.10%"
"02/18/2025","1,001.00","987.00","1,001.00","987.00","19.73K","2.98%"
"02/17/2025","972.00","972.00","972.50","969.00","4.37K","-0.36%"
"02/14/2025","975.50","976.00","983.00","971.50","9.60K","0.31%"
"02/13/2025","972.50","962.00","973.50","957.00","11.35K","2.21%"
"02/12/2025","951.50","957.50","962.00","946.50","50.77K","-1.04%"
"02/11/2025","961.50","953.00","963.50","951.00","7.95K","0.42%"
"02/10/2025","957.50","954.00","959.50","953.00","13.64K","4.47%"
"02/07/2025","916.50","926.50","933.50","915.50","14.97K","-1.35%"
"02/06/2025","929.00","929.00","929.50","920.50","17.46K","1.03%"
"02/05/2025","919.50","909.00","919.50","907.00","11.28K","0.71%"
"02/04/2025","913.00","900.00","913.00","897.50","22.86K","3.34%"
"02/03/2025","883.50","867.50","887.50","866.00","23.65K","-2.59%"
"01/31/2025","907.00","902.50","907.00","898.00","15.81K","0.06%"
"01/30/2025","906.50","893.00","910.00","893.00","10.44K","0.95%"
"01/29/2025","898.00","902.00","910.50","895.00","17.42K","0.90%"
"01/28/2025","890.00","897.00","906.00","890.00","14.07K","-1.28%"
"01/27/2025","901.50","912.50","913.00","884.50","28.50K","-3.63%"
"01/24/2025","935.50","934.00","937.50","931.00","12.03K","0.59%"
"01/23/2025","930.00","930.00","932.50","925.50","13.55K","-1.54%"
"01/22/2025","944.50","940.00","953.00","939.50","20.95K","0.85%"
"01/21/2025","936.50","927.50","936.50","924.50","14.78K","1.46%"
"01/20/2025","923.00","916.50","927.00","911.50","26.65K","-0.32%"
"01/17/2025","926.00","916.00","926.00","915.50","11.38K","-0.22%"
"01/16/2025","928.00","931.50","934.50","924.50","21.45K","0.22%"
"01/15/2025","926.00","911.50","930.50","911.50","22.50K","0.65%"
"01/14/2025","920.00","912.50","926.00","912.50","14.79K","1.21%"
"01/13/2025","909.00","908.00","916.50","907.50","28.07K","-1.84%"
"01/10/2025","926.00","943.50","945.50","925.50","16.17K","-3.89%"
"01/09/2025","963.50","959.00","966.50","950.50","10.66K","-0.93%"
"01/08/2025","972.50","973.00","983.00","971.50","31.85K","2.37%"
"01/07/2025","950.00","954.50","967.50","945.00","22.42K","-1.91%"
"01/06/2025","968.50","950.00","968.50","948.00","25.78K","4.93%"
"01/03/2025","923.00","922.50","924.50","919.00","9.90K","2.05%"
"01/02/2025","904.50","914.00","915.50","902.00","8.52K","-0.60%"
"12/31/2024","910.00","905.00","910.00","902.00","5.44K","0.61%"
"12/30/2024","904.50","903.00","908.00","897.00","9.12K","-1.26%"
"12/27/2024","916.00","927.00","927.00","913.50","15.25K","-1.87%"
"12/24/2024","933.50","924.00","934.00","924.00","2.19K","1.25%"
"12/23/2024","922.00","921.00","924.50","913.00","12.14K","0.38%"
"12/20/2024","918.50","918.00","918.50","903.00","27.93K","0.71%"
"12/19/2024","912.00","920.00","922.50","910.50","15.28K","-3.59%"
"12/18/2024","946.00","953.00","956.50","946.00","18.30K","0.32%"
"12/17/2024","943.00","943.00","947.50","940.50","13.15K","-1.82%"
"12/16/2024","960.50","965.00","970.50","959.00","17.98K","-0.41%"
"12/13/2024","964.50","975.50","977.00","964.50","9.46K","-0.72%"
"12/12/2024","971.50","980.00","981.50","971.50","16.47K","2.37%"
"12/11/2024","949.00","935.00","952.00","933.50","16.07K","2.98%"
"12/10/2024","921.50","940.00","946.00","921.50","18.36K","-1.07%"
"12/09/2024","931.50","938.50","941.00","926.50","20.61K","-1.58%"
"12/06/2024","946.50","949.00","956.50","946.50","12.31K","-0.42%"
"12/05/2024","950.50","952.50","960.00","946.50","22.45K","1.33%"
"12/04/2024","938.00","936.00","948.50","934.00","35.43K","1.74%"
"12/03/2024","922.00","952.00","955.00","886.00","74.90K","-3.71%"
"12/02/2024","957.50","955.50","959.50","949.50","14.06K","-2.40%"
"11/29/2024","981.00","971.50","981.50","968.00","9.72K","-1.11%"
"11/28/2024","992.00","984.00","992.00","984.00","4.96K","-0.40%"
"11/27/2024","996.00","1,001.00","1,006.00","990.50","22.56K","-2.35%"
"11/26/2024","1,020.00","1,031.00","1,035.00","1,020.00","39.24K","0.20%"
"11/25/2024","1,018.00","1,024.00","1,025.00","1,012.00","36.63K","3.14%"
"11/22/2024","987.00","996.50","1,000.00","984.50","18.04K","-1.69%"
"11/21/2024","1,004.00","1,005.00","1,007.00","994.50","22.54K","3.61%"
"11/20/2024","969.00","990.00","992.00","969.00","12.99K","-3.87%"
"11/19/2024","1,008.00","1,010.00","1,011.00","994.00","11.59K","-0.30%"
"11/18/2024","1,011.00","1,010.00","1,019.00","997.50","25.10K","2.80%"
"11/15/2024","983.50","952.00","990.50","949.50","46.34K","9.52%"
"11/14/2024","898.00","892.00","905.50","892.00","21.62K","-0.11%"
"11/13/2024","899.00","910.00","917.50","899.00","40.25K","-4.00%"
"11/12/2024","936.50","950.00","950.00","930.00","27.56K","-4.39%"
"11/11/2024","979.50","985.00","986.00","971.00","15.09K","-3.40%"
"11/08/2024","1,014.00","1,027.00","1,030.00","1,010.00","11.55K","-2.12%"
"11/07/2024","1,036.00","1,030.00","1,041.00","1,025.00","18.91K","3.19%"
"11/06/2024","1,004.00","1,028.00","1,031.00","1,000.00","25.62K","-4.02%"
"11/05/2024","1,046.00","1,053.00","1,053.00","1,038.00","11.70K","-1.32%"
"11/04/2024","1,060.00","1,070.00","1,073.00","1,060.00","13.10K","-0.75%"
"11/01/2024","1,068.00","1,059.00","1,070.00","1,058.00","23.87K","0.85%"
"10/31/2024","1,059.00","1,071.00","1,079.00","1,059.00","30.76K","-0.09%"
"10/30/2024","1,060.00","1,068.00","1,072.00","1,056.00","10.60K","-0.84%"
"10/29/2024","1,069.00","1,074.00","1,075.00","1,063.00","15.98K","2.49%"
"10/28/2024","1,043.00","1,048.00","1,052.00","1,039.00","11.63K","2.86%"
"10/25/2024","1,014.00","1,000.00","1,016.00","999.00","15.02K","-1.84%"
"10/24/2024","1,033.00","1,030.00","1,036.00","1,025.00","15.46K","-2.36%"
"10/23/2024","1,058.00","1,068.00","1,072.00","1,055.00","18.81K","1.24%"
"10/22/2024","1,045.00","1,043.00","1,047.00","1,039.00","9.24K","-0.85%"
"10/21/2024","1,054.00","1,075.00","1,077.00","1,054.00","19.32K","-2.95%"
"10/18/2024","1,086.00","1,080.00","1,094.00","1,078.00","16.12K","-0.64%"
"10/17/2024","1,093.00","1,115.00","1,115.00","1,089.00","16.35K","0.09%"
"10/16/2024","1,092.00","1,090.00","1,097.00","1,088.00","16.42K","-0.46%"
"10/15/2024","1,097.00","1,105.00","1,115.00","1,087.00","31.34K","-1.26%"
"10/14/2024","1,111.00","1,123.00","1,124.00","1,107.00","22.09K","0.91%"
"10/11/2024","1,101.00","1,096.00","1,104.00","1,090.00","16.89K","0.82%"
"10/10/2024","1,092.00","1,100.00","1,102.00","1,084.00","24.22K","-3.70%"
"10/09/2024","1,134.00","1,127.00","1,141.00","1,124.00","12.31K","0.71%"
"10/08/2024","1,126.00","1,118.00","1,130.00","1,107.00","19.50K","-0.09%"
"10/07/2024","1,127.00","1,132.00","1,138.00","1,123.00","14.89K","-0.44%"
"10/04/2024","1,132.00","1,143.00","1,143.00","1,132.00","15.07K","-1.99%"
"10/03/2024","1,155.00","1,165.00","1,166.00","1,148.00","11.12K","-0.77%"
"10/02/2024","1,164.00","1,168.00","1,173.00","1,152.00","16.61K","0.43%"
"10/01/2024","1,159.00","1,180.00","1,185.00","1,150.00","15.23K","-0.86%"
"09/30/2024","1,169.00","1,184.00","1,189.00","1,169.00","21.01K","-4.73%"
"09/27/2024","1,227.00","1,222.00","1,239.00","1,216.00","18.76K","-0.49%"
"09/26/2024","1,233.00","1,230.00","1,250.00","1,220.00","34.95K","4.05%"
"09/25/2024","1,185.00","1,173.00","1,185.00","1,170.00","11.95K","-0.42%"
"09/24/2024","1,190.00","1,183.00","1,200.00","1,183.00","27.40K","0.76%"
"09/23/2024","1,181.00","1,167.00","1,183.00","1,163.00","13.59K","0.85%"
"09/20/2024","1,171.00","1,186.00","1,191.00","1,171.00","20.97K","-2.74%"
"09/19/2024","1,204.00","1,195.00","1,204.00","1,187.00","18.33K","-0.66%"
"09/18/2024","1,212.00","1,210.00","1,216.00","1,206.00","11.25K","0.25%"
"09/17/2024","1,209.00","1,220.00","1,223.00","1,209.00","18.55K","-0.58%"
"09/16/2024","1,216.00","1,229.00","1,236.00","1,212.00","","-1.30%"
"09/13/2024","1,232.00","1,217.00","1,239.00","1,209.00","19.30K","0.90%"
"09/12/2024","1,221.00","1,242.00","1,244.00","1,220.00","25.25K","1.33%"
"09/11/2024","1,205.00","1,209.00","1,211.00","1,190.00","21.79K","-2.43%"
"09/10/2024","1,235.00","1,235.00","1,244.00","1,230.00","19.09K","-2.29%"
"09/09/2024","1,264.00","1,264.00","1,274.00","1,259.00","9.02K","-0.32%"
"09/06/2024","1,268.00","1,295.00","1,299.00","1,261.00","14.30K","-1.93%"
"09/05/2024","1,293.00","1,295.00","1,305.00","1,288.00","12.15K","-1.97%"
"09/04/2024","1,319.00","1,300.00","1,330.00","1,297.00","23.90K","-0.38%"
"09/03/2024","1,324.00","1,360.00","1,361.00","1,324.00","13.33K","-5.09%"
"09/02/2024","1,395.00","1,396.00","1,401.00","1,389.00","7.65K","0.29%"
"08/30/2024","1,391.00","1,392.00","1,402.00","1,391.00","12.10K","-1.35%"
"08/29/2024","1,410.00","1,386.00","1,415.00","1,383.00","20.55K","-0.42%"
"08/28/2024","1,416.00","1,425.00","1,430.00","1,416.00","17.38K","-0.42%"
"08/27/2024","1,422.00","1,420.00","1,428.00","1,413.00","12.76K","-3.00%"
"08/23/2024","1,466.00","1,456.00","1,472.00","1,451.00","11.44K","1.24%"
"08/22/2024","1,448.00","1,469.00","1,478.00","1,447.00","8.49K","-1.50%"
"08/21/2024","1,470.00","1,463.00","1,474.00","1,463.00","8.94K","0.14%"
"08/20/2024","1,468.00","1,480.00","1,482.00","1,466.00","5.99K","-0.27%"
"08/19/2024","1,472.00","1,464.00","1,474.00","1,460.00","5.47K","0.20%"
"08/16/2024","1,469.00","1,470.00","1,473.00","1,460.00","6.38K","1.73%"
"08/15/2024","1,444.00","1,427.00","1,456.00","1,424.00","13.99K","1.62%"
"08/14/2024","1,421.00","1,420.00","1,431.00","1,414.00","6.49K","1.65%"
"08/13/2024","1,398.00","1,392.00","1,399.00","1,376.00","7.45K","0.72%"
"08/12/2024","1,388.00","1,376.00","1,395.00","1,376.00","13.02K","1.24%"
"08/09/2024","1,371.00","1,380.00","1,390.00","1,365.00","29.49K","0.00%"
"08/08/2024","1,371.00","1,333.00","1,371.00","1,330.00","35.34K","-0.94%"
"08/07/2024","1,384.00","1,361.00","1,416.00","1,361.00","27.81K","4.22%"
"08/06/2024","1,328.00","1,329.00","1,334.00","1,298.00","59.78K","-1.92%"
"08/05/2024","1,354.00","1,304.00","1,359.00","1,292.00","26.79K","-5.78%"
"08/02/2024","1,437.00","1,448.00","1,459.00","1,427.00","16.32K","-4.14%"
"08/01/2024","1,499.00","1,528.00","1,529.00","1,496.00","9.15K","-2.60%"
"07/31/2024","1,539.00","1,514.00","1,541.00","1,514.00","15.10K","6.14%"
"07/30/2024","1,450.00","1,460.00","1,469.00","1,450.00","18.92K","-0.75%"
"07/29/2024","1,461.00","1,473.00","1,473.00","1,458.00","3.86K","-0.27%"
"07/26/2024","1,465.00","1,453.00","1,471.00","1,453.00","5.09K","1.10%"
"07/25/2024","1,449.00","1,448.00","1,454.00","1,436.00","16.22K","-2.29%"
"07/24/2024","1,483.00","1,483.00","1,512.00","1,475.00","20.11K","-1.79%"
"07/23/2024","1,510.00","1,518.00","1,524.00","1,507.00","19.69K","0.07%"
"07/22/2024","1,509.00","1,499.00","1,517.00","1,490.00","10.98K","0.13%"
"07/19/2024","1,507.00","1,522.00","1,525.00","1,507.00","13.91K","-2.90%"
"07/18/2024","1,552.00","1,566.00","1,570.00","1,550.00","8.74K","-0.19%"
"07/17/2024","1,555.00","1,566.00","1,574.00","1,551.00","11.47K","-1.83%"
"07/16/2024","1,584.00","1,592.00","1,596.00","1,581.00","11.52K","0.32%"
"07/15/2024","1,579.00","1,577.00","1,589.00","1,575.00","17.91K","0.96%"
"07/12/2024","1,564.00","1,534.00","1,564.00","1,528.00","16.71K","-1.26%"
"07/11/2024","1,584.00","1,590.00","1,599.00","1,584.00","11.62K","-1.74%"
"07/10/2024","1,612.00","1,583.00","1,612.00","1,578.00","11.94K","1.96%"
"07/09/2024","1,581.00","1,592.00","1,594.00","1,581.00","9.31K","-0.57%"
"07/08/2024","1,590.00","1,588.00","1,602.00","1,584.00","13.34K","0.51%"
"07/05/2024","1,582.00","1,572.00","1,595.00","1,570.00","28.04K","3.74%"
"07/04/2024","1,525.00","1,524.00","1,535.00","1,517.00","8.70K","2.76%"
"07/03/2024","1,484.00","1,469.00","1,492.00","1,465.00","6.69K","0.82%"
"07/02/2024","1,472.00","1,465.00","1,472.00","1,460.00","9.59K","0.62%"
"07/01/2024","1,463.00","1,486.00","1,488.00","1,458.00","7.15K","-1.15%"
"06/28/2024","1,480.00","1,477.00","1,482.00","1,468.00","7.20K","0.68%"
"06/27/2024","1,470.00","1,471.00","1,483.00","1,470.00","11.66K","-0.14%"
"06/26/2024","1,472.00","1,461.00","1,479.00","1,461.00","15.67K","0.82%"
"06/25/2024","1,460.00","1,453.00","1,463.00","1,449.00","12.67K","0.00%"
"06/24/2024","1,460.00","1,450.00","1,470.00","1,450.00","9.31K","0.83%"
"06/21/2024","1,448.00","1,444.00","1,450.00","1,437.00","10.58K","-0.89%"
"06/20/2024","1,461.00","1,482.00","1,487.00","1,460.00","17.38K","-2.08%"
"06/19/2024","1,492.00","1,475.00","1,496.00","1,475.00","17.50K","1.36%"
"06/18/2024","1,472.00","1,444.00","1,500.00","1,443.00","15.72K","3.88%"
"06/17/2024","1,417.00","1,420.00","1,424.00","1,416.00","8.70K","-1.94%"
"06/14/2024","1,445.00","1,449.00","1,455.00","1,444.00","18.12K","0.98%"
"06/13/2024","1,431.00","1,436.00","1,450.00","1,431.00","23.98K","0.56%"
"06/12/2024","1,423.00","1,390.00","1,427.00","1,388.00","13.78K","4.71%"
"06/11/2024","1,359.00","1,368.00","1,371.00","1,358.00","9.34K","-2.37%"
"06/10/2024","1,392.00","1,381.00","1,392.00","1,374.00","7.30K","-1.07%"
"06/07/2024","1,407.00","1,420.00","1,423.00","1,396.00","16.95K","-1.88%"
"06/06/2024","1,434.00","1,442.00","1,448.00","1,430.00","10.76K","0.91%"
"06/05/2024","1,421.00","1,416.00","1,425.00","1,407.00","14.69K","2.23%"
"06/04/2024","1,390.00","1,367.00","1,415.00","1,366.00","18.13K","1.24%"
"06/03/2024","1,373.00","1,382.00","1,388.00","1,370.00","11.21K","2.54%"
"05/31/2024","1,339.00","1,335.00","1,349.00","1,328.00","21.81K","-1.25%"
"05/30/2024","1,356.00","1,338.00","1,356.00","1,334.00","12.12K","-0.95%"
"05/29/2024","1,369.00","1,382.00","1,384.00","1,366.00","10.42K","-4.00%"
"05/28/2024","1,426.00","1,426.00","1,433.00","1,421.00","12.12K","2.30%"
"05/24/2024","1,394.00","1,390.00","1,396.00","1,380.00","19.55K","-2.18%"
"05/23/2024","1,425.00","1,437.00","1,446.00","1,415.00","9.20K","0.21%"
"05/22/2024","1,422.00","1,428.00","1,436.00","1,422.00","16.71K","-1.39%"
"05/21/2024","1,442.00","1,439.00","1,448.00","1,432.00","9.96K","-0.41%"
"05/20/2024","1,448.00","1,454.00","1,457.00","1,442.00","9.97K","0.63%"
"05/17/2024","1,439.00","1,432.00","1,441.00","1,425.00","11.83K","-1.03%"
"05/16/2024","1,454.00","1,457.00","1,460.00","1,452.00","7.85K","-1.16%"
"05/15/2024","1,471.00","1,441.00","1,475.00","1,441.00","7.74K","2.08%"
"05/14/2024","1,441.00","1,430.00","1,441.00","1,409.00","14.13K","0.14%"
"05/13/2024","1,439.00","1,430.00","1,441.00","1,428.00","6.14K","-0.28%"
"05/10/2024","1,443.00","1,450.00","1,456.00","1,443.00","9.78K","-1.57%"
"05/09/2024","1,466.00","1,458.00","1,470.00","1,453.00","6.77K","-1.54%"
"05/08/2024","1,489.00","1,493.00","1,503.00","1,489.00","8.30K","-1.19%"
"05/07/2024","1,507.00","1,500.00","1,507.00","1,487.00","15.62K","3.93%"
"05/03/2024","1,450.00","1,432.00","1,458.00","1,429.00","11.14K","1.26%"
"05/02/2024","1,432.00","1,417.00","1,435.00","1,415.00","24.06K","2.36%"
"05/01/2024","1,399.00","1,400.00","1,410.00","1,396.00","8.35K","-0.71%"
"04/30/2024","1,409.00","1,408.00","1,426.00","1,406.00","31.93K","1.29%"
"04/29/2024","1,391.00","1,392.00","1,398.00","1,380.00","9.66K","-0.57%"
"04/26/2024","1,399.00","1,398.00","1,403.00","1,390.00","8.41K","0.87%"
"04/25/2024","1,387.00","1,383.00","1,399.00","1,373.00","11.49K","-2.12%"
"04/24/2024","1,417.00","1,436.00","1,436.00","1,414.00","13.71K","1.94%"
"04/23/2024","1,390.00","1,374.00","1,392.00","1,372.00","8.65K","0.43%"
"04/22/2024","1,384.00","1,385.00","1,392.00","1,377.00","12.76K","-2.33%"
"04/19/2024","1,417.00","1,400.00","1,423.00","1,400.00","7.89K","-1.73%"
"04/18/2024","1,442.00","1,451.00","1,454.00","1,428.00","14.03K","1.69%"
"04/17/2024","1,418.00","1,430.00","1,435.00","1,415.00","13.02K","-1.25%"
"04/16/2024","1,436.00","1,425.00","1,440.00","1,403.00","14.36K","-2.91%"
"04/15/2024","1,479.00","1,480.00","1,489.00","1,471.00","14.36K","-1.07%"
"04/12/2024","1,495.00","1,520.00","1,522.00","1,486.00","9.66K","-2.29%"
"04/11/2024","1,530.00","1,535.00","1,546.00","1,525.00","13.66K","2.55%"
"04/10/2024","1,492.00","1,560.00","1,566.00","1,480.00","23.59K","-3.49%"
"04/09/2024","1,546.00","1,553.00","1,557.00","1,542.00","11.78K","-2.15%"
"04/08/2024","1,580.00","1,568.00","1,580.00","1,558.00","14.77K","1.09%"
"04/05/2024","1,563.00","1,565.00","1,583.00","1,558.00","9.62K","-1.82%"
"04/04/2024","1,592.00","1,574.00","1,592.00","1,566.00","15.97K","1.14%"
"04/03/2024","1,574.00","1,549.00","1,579.00","1,546.00","14.38K","1.16%"
"04/02/2024","1,556.00","1,553.00","1,572.00","1,553.00","20.69K","4.64%"
"03/28/2024","1,487.00","1,494.00","1,503.00","1,487.00","9.75K","0.81%"
"03/27/2024","1,475.00","1,455.00","1,483.00","1,455.00","13.20K","-0.67%"
"03/26/2024","1,485.00","1,482.00","1,498.00","1,478.00","18.49K","1.78%"
"03/25/2024","1,459.00","1,459.00","1,467.00","1,456.00","9.55K","-0.21%"
"03/22/2024","1,462.00","1,473.00","1,478.00","1,458.00","11.67K","-1.75%"
"03/21/2024","1,488.00","1,502.00","1,502.00","1,480.00","14.54K","3.69%"
"03/20/2024","1,435.00","1,435.00","1,450.00","1,432.00","21.80K","4.90%"
"03/19/2024","1,368.00","1,359.00","1,370.00","1,356.00","6.70K","0.15%"
"03/18/2024","1,366.00","1,363.00","1,369.00","1,357.00","6.64K","0.89%"
"03/15/2024","1,354.00","1,368.00","1,371.00","1,354.00","9.47K","-2.59%"
"03/14/2024","1,390.00","1,409.00","1,409.00","1,389.00","9.35K","-0.79%"
"03/13/2024","1,401.00","1,403.00","1,409.00","1,400.00","8.26K","0.65%"
"03/12/2024","1,392.00","1,395.00","1,397.00","1,381.00","11.25K","1.38%"
"03/11/2024","1,373.00","1,378.00","1,384.00","1,366.00","12.92K","-1.22%"
"03/08/2024","1,390.00","1,383.00","1,405.00","1,381.00","12.23K","0.94%"
"03/07/2024","1,377.00","1,358.00","1,380.00","1,355.00","9.34K","0.00%"
"03/06/2024","1,377.00","1,364.00","1,379.00","1,360.00","7.02K","0.15%"
"03/05/2024","1,375.00","1,385.00","1,385.00","1,369.00","15.56K","-1.93%"
"03/04/2024","1,402.00","1,404.00","1,409.00","1,397.00","7.09K","1.74%"
"03/01/2024","1,378.00","1,371.00","1,379.00","1,362.00","12.00K","1.32%"
"02/29/2024","1,360.00","1,371.00","1,371.00","1,359.00","12.39K","0.00%"
"02/28/2024","1,360.00","1,364.00","1,366.00","1,357.00","11.17K","-0.37%"
"02/27/2024","1,365.00","1,373.00","1,374.00","1,363.00","10.99K","-0.07%"
"02/26/2024","1,366.00","1,370.00","1,374.00","1,366.00","7.64K","-0.29%"
"02/23/2024","1,370.00","1,372.00","1,378.00","1,367.00","8.95K","-0.65%"
"02/22/2024","1,379.00","1,402.00","1,402.00","1,374.00","14.05K","0.66%"
"02/21/2024","1,370.00","1,365.00","1,377.00","1,361.00","7.53K","-0.15%"
"02/20/2024","1,372.00","1,371.00","1,375.00","1,360.00","13.41K","-0.87%"
"02/19/2024","1,384.00","1,362.00","1,385.00","1,362.00","9.46K","1.54%"
"02/16/2024","1,363.00","1,356.00","1,363.00","1,354.00","19.92K","0.00%"
"02/15/2024","1,363.00","1,371.00","1,372.00","1,359.00","19.64K","-1.52%"
"02/14/2024","1,384.00","1,381.00","1,389.00","1,376.00","24.23K","-0.65%"
"02/13/2024","1,393.00","1,424.00","1,432.00","1,385.00","24.12K","-2.66%"
"02/12/2024","1,431.00","1,404.00","1,431.00","1,403.00","12.03K","2.07%"
"02/09/2024","1,402.00","1,388.00","1,405.00","1,382.00","12.19K","1.52%"
"02/08/2024","1,381.00","1,390.00","1,394.00","1,381.00","11.59K","-1.78%"
"02/07/2024","1,406.00","1,413.00","1,416.00","1,405.00","9.30K","0.36%"
"02/06/2024","1,401.00","1,397.00","1,406.00","1,392.00","9.73K","1.23%"
"02/05/2024","1,384.00","1,388.00","1,399.00","1,382.00","7.47K","-1.07%"
"02/02/2024","1,399.00","1,410.00","1,417.00","1,399.00","13.27K","1.67%"
"02/01/2024","1,376.00","1,372.00","1,381.00","1,372.00","7.14K","0.58%"
"01/31/2024","1,368.00","1,359.00","1,372.00","1,354.00","11.06K","-1.23%"
"01/30/2024","1,385.00","1,398.00","1,398.00","1,385.00","9.23K","-1.07%"
"01/29/2024","1,400.00","1,392.00","1,402.00","1,391.00","8.50K","0.72%"
"01/26/2024","1,390.00","1,380.00","1,392.00","1,376.00","11.43K","0.36%"
"01/25/2024","1,385.00","1,393.00","1,399.00","1,383.00","20.24K","-1.14%"
"01/24/2024","1,401.00","1,391.00","1,403.00","1,380.00","12.90K","0.21%"
"01/23/2024","1,398.00","1,407.00","1,407.00","1,396.00","5.41K","-0.29%"
"01/22/2024","1,402.00","1,399.00","1,410.00","1,399.00","8.91K","0.36%"
"01/19/2024","1,397.00","1,400.00","1,406.00","1,391.00","8.99K","2.57%"
"01/18/2024","1,362.00","1,338.00","1,362.00","1,335.00","19.30K","4.13%"
"01/17/2024","1,308.00","1,325.00","1,325.00","1,308.00","18.09K","-3.75%"
"01/16/2024","1,359.00","1,363.00","1,365.00","1,344.00","13.42K","-2.23%"
"01/15/2024","1,390.00","1,387.00","1,395.00","1,386.00","5.75K","-0.57%"
"01/12/2024","1,398.00","1,384.00","1,404.00","1,380.00","9.58K","2.04%"
"01/11/2024","1,370.00","1,384.00","1,394.00","1,369.00","13.85K","-1.23%"
"01/10/2024","1,387.00","1,392.00","1,392.00","1,375.00","32.97K","-1.35%"
"01/09/2024","1,406.00","1,419.00","1,419.00","1,395.00","12.95K","-3.63%"
"01/08/2024","1,459.00","1,444.00","1,459.00","1,439.00","5.44K","-0.07%"
"01/05/2024","1,460.00","1,444.00","1,463.00","1,430.00","8.68K","0.27%"
"01/04/2024","1,456.00","1,454.00","1,456.00","1,444.00","11.08K","0.48%"
"01/03/2024","1,449.00","1,465.00","1,466.00","1,440.00","9.49K","-3.27%"
"01/02/2024","1,498.00","1,514.00","1,518.00","1,491.00","12.88K","0.00%"
"12/29/2023","1,498.00","1,496.00","1,515.00","1,471.00","10.43K","-0.53%"
"12/28/2023","1,506.00","1,506.00","1,520.00","1,500.00","8.47K","0.33%"
"12/27/2023","1,501.00","1,497.00","1,504.00","1,489.00","12.38K","3.30%"
"12/22/2023","1,453.00","1,450.00","1,455.00","1,447.00","5.14K","0.90%"
"12/21/2023","1,440.00","1,430.00","1,446.00","1,430.00","11.70K","0.28%"
"12/20/2023","1,436.00","1,430.00","1,439.00","1,422.00","14.05K","2.28%"
"12/19/2023","1,404.00","1,391.00","1,406.00","1,388.00","15.37K","1.45%"
"12/18/2023","1,384.00","1,395.00","1,399.00","1,381.00","18.56K","-1.07%"
"12/15/2023","1,399.00","1,411.00","1,411.00","1,386.00","17.37K","-1.13%"
"12/14/2023","1,415.00","1,400.00","1,418.00","1,396.00","18.45K","3.66%"
"12/13/2023","1,365.00","1,373.00","1,377.00","1,365.00","16.88K","-1.52%"
"12/12/2023","1,386.00","1,394.00","1,398.00","1,381.00","10.62K","0.29%"
"12/11/2023","1,382.00","1,378.00","1,384.00","1,374.00","8.50K","0.00%"
"12/08/2023","1,382.00","1,380.00","1,387.00","1,370.00","9.50K","1.77%"
"12/07/2023","1,358.00","1,352.00","1,358.00","1,348.00","10.45K","0.00%"
"12/06/2023","1,358.00","1,366.00","1,370.00","1,358.00","6.28K","0.67%"
"12/05/2023","1,349.00","1,346.00","1,356.00","1,345.00","7.23K","-1.53%"
"12/04/2023","1,370.00","1,383.00","1,387.00","1,368.00","8.71K","-0.58%"
"12/01/2023","1,378.00","1,372.00","1,380.00","1,366.00","8.37K","-0.93%"
"11/30/2023","1,391.00","1,399.00","1,403.00","1,386.00","10.64K","-0.86%"
"11/29/2023","1,403.00","1,404.00","1,411.00","1,400.00","11.76K","0.50%"
"11/28/2023","1,396.00","1,396.00","1,398.00","1,390.00","12.54K","2.35%"
"11/27/2023","1,364.00","1,365.00","1,369.00","1,359.00","7.64K","-0.29%"
"11/24/2023","1,368.00","1,363.00","1,370.00","1,361.00","7.32K","-0.94%"
"11/23/2023","1,381.00","1,388.00","1,392.00","1,380.00","2.91K","-0.36%"
"11/22/2023","1,386.00","1,393.00","1,396.00","1,382.00","14.23K","-0.36%"
"11/21/2023","1,391.00","1,403.00","1,408.00","1,391.00","14.01K","-0.86%"
"11/20/2023","1,403.00","1,400.00","1,407.00","1,396.00","7.76K","1.23%"
"11/17/2023","1,386.00","1,388.00","1,396.00","1,380.00","16.08K","0.14%"
"11/16/2023","1,384.00","1,390.00","1,400.00","1,383.00","18.64K","-0.07%"
"11/15/2023","1,385.00","1,388.00","1,392.00","1,374.00","15.40K","0.29%"
"11/14/2023","1,381.00","1,332.00","1,383.00","1,329.00","9.74K","3.29%"
"11/13/2023","1,337.00","1,333.00","1,341.00","1,330.00","8.72K","-0.07%"
"11/10/2023","1,338.00","1,336.00","1,341.00","1,331.00","7.06K","-0.67%"
"11/09/2023","1,347.00","1,335.00","1,352.00","1,333.00","10.33K","0.37%"
"11/08/2023","1,342.00","1,332.00","1,349.00","1,331.00","8.53K","-1.90%"
"11/07/2023","1,368.00","1,350.00","1,373.00","1,350.00","9.69K","0.51%"
"11/06/2023","1,361.00","1,355.00","1,366.00","1,346.00","9.26K","1.42%"
"11/03/2023","1,342.00","1,321.00","1,345.00","1,313.00","11.32K","1.67%"
"11/02/2023","1,320.00","1,300.00","1,323.00","1,296.00","10.96K","3.37%"
"11/01/2023","1,277.00","1,262.00","1,279.00","1,258.00","8.00K","2.49%"
"10/31/2023","1,246.00","1,240.00","1,254.00","1,238.00","7.77K","0.00%"
"10/30/2023","1,246.00","1,248.00","1,256.00","1,243.00","9.43K","0.89%"
"10/27/2023","1,235.00","1,234.00","1,239.00","1,229.00","8.57K","0.32%"
"10/26/2023","1,231.00","1,229.00","1,237.00","1,223.00","8.83K","-2.38%"
"10/25/2023","1,261.00","1,258.00","1,264.00","1,251.00","6.53K","-1.56%"
"10/24/2023","1,281.00","1,273.00","1,281.00","1,269.00","7.05K","0.16%"
"10/23/2023","1,279.00","1,264.00","1,279.00","1,253.00","10.31K","1.19%"
"10/20/2023","1,264.00","1,270.00","1,273.00","1,262.00","8.02K","-1.17%"
"10/19/2023","1,279.00","1,275.00","1,282.00","1,273.00","4.09K","-1.01%"
"10/18/2023","1,292.00","1,298.00","1,305.00","1,288.00","8.47K","1.02%"
"10/17/2023","1,279.00","1,276.00","1,286.00","1,270.00","9.21K","1.91%"
"10/16/2023","1,255.00","1,242.00","1,255.00","1,236.00","4.29K","0.48%"
"10/13/2023","1,249.00","1,255.00","1,258.00","1,246.00","4.48K","-1.89%"
"10/12/2023","1,273.00","1,286.00","1,289.00","1,266.00","7.72K","0.39%"
"10/11/2023","1,268.00","1,266.00","1,278.00","1,265.00","10.22K","2.59%"
"10/10/2023","1,236.00","1,227.00","1,239.00","1,226.00","9.86K","1.06%"
"10/09/2023","1,223.00","1,219.00","1,225.00","1,212.00","15.01K","-0.57%"
"10/06/2023","1,230.00","1,218.00","1,230.00","1,207.00","6.82K","0.41%"
"10/05/2023","1,225.00","1,230.00","1,231.00","1,218.00","8.14K","-1.69%"
"10/04/2023","1,246.00","1,230.00","1,253.00","1,229.00","7.12K","1.30%"
"10/03/2023","1,230.00","1,234.00","1,244.00","1,227.00","9.67K","-1.13%"
"10/02/2023","1,244.00","1,261.00","1,264.00","1,240.00","10.27K","-1.27%"
"09/29/2023","1,260.00","1,261.00","1,277.00","1,260.00","10.70K","0.56%"
"09/28/2023","1,253.00","1,249.00","1,253.00","1,241.00","6.61K","-0.32%"
"09/27/2023","1,257.00","1,263.00","1,271.00","1,257.00","8.95K","0.16%"
"09/26/2023","1,255.00","1,258.00","1,268.00","1,253.00","8.78K","-2.41%"
"09/25/2023","1,286.00","1,295.00","1,295.00","1,279.00","6.36K","0.08%"
"09/22/2023","1,285.00","1,282.00","1,291.00","1,282.00","5.85K","1.26%"
"09/21/2023","1,269.00","1,279.00","1,284.00","1,267.00","7.50K","-3.57%"
"09/20/2023","1,316.00","1,307.00","1,316.00","1,305.00","5.89K","0.38%"
"09/19/2023","1,311.00","1,310.00","1,320.00","1,303.00","8.02K","-0.91%"
"09/18/2023","1,323.00","1,319.00","1,324.00","1,314.00","6.31K","-1.27%"
"09/15/2023","1,340.00","1,353.00","1,354.00","1,339.00","8.72K","-0.52%"
"09/14/2023","1,347.00","1,345.00","1,351.00","1,342.00","8.57K","0.75%"
"09/13/2023","1,337.00","1,326.00","1,340.00","1,326.00","10.21K","1.29%"
"09/12/2023","1,320.00","1,323.00","1,324.00","1,317.00","5.12K","-0.60%"
"09/11/2023","1,328.00","1,322.00","1,334.00","1,322.00","6.40K","1.37%"
"09/08/2023","1,310.00","1,313.00","1,314.00","1,306.00","4.72K","0.77%"
"09/07/2023","1,300.00","1,317.00","1,321.00","1,300.00","13.36K","-0.54%"
"09/06/2023","1,307.00","1,315.00","1,316.00","1,306.00","5.44K","-1.66%"
"09/05/2023","1,329.00","1,326.00","1,329.00","1,318.00","5.58K","-0.75%"
"09/04/2023","1,339.00","1,344.00","1,347.00","1,338.00","3.95K","0.37%"
"09/01/2023","1,334.00","1,344.00","1,352.00","1,334.00","11.19K","5.62%"
"08/31/2023","1,263.00","1,262.00","1,269.00","1,257.00","7.89K","-0.39%"
"08/30/2023","1,268.00","1,270.00","1,276.00","1,262.00","8.20K","-0.24%"
"08/29/2023","1,271.00","1,255.00","1,273.00","1,253.00","12.07K","0.87%"
"08/25/2023","1,260.00","1,258.00","1,268.00","1,252.00","9.89K","-0.08%"
"08/24/2023","1,261.00","1,289.00","1,290.00","1,260.00","9.06K","0.32%"
"08/23/2023","1,257.00","1,250.00","1,259.00","1,240.00","4.89K","1.13%"
"08/22/2023","1,243.00","1,240.00","1,249.00","1,239.00","15.51K","0.97%"
"08/21/2023","1,231.00","1,233.00","1,243.00","1,231.00","8.27K","0.24%"
"08/18/2023","1,228.00","1,230.00","1,234.00","1,220.00","8.44K","-0.49%"
"08/17/2023","1,234.00","1,238.00","1,242.00","1,230.00","10.22K","-0.64%"
"08/16/2023","1,242.00","1,253.00","1,254.00","1,242.00","7.69K","-1.35%"
"08/15/2023","1,259.00","1,262.00","1,263.00","1,253.00","3.96K","-0.47%"
"08/14/2023","1,265.00","1,263.00","1,272.00","1,251.00","5.81K","0.00%"
"08/11/2023","1,265.00","1,272.00","1,274.00","1,258.00","8.52K","-2.17%"
"08/10/2023","1,293.00","1,290.00","1,303.00","1,283.00","9.92K","-0.15%"
"08/09/2023","1,295.00","1,308.00","1,315.00","1,295.00","9.74K","1.09%"
"08/08/2023","1,281.00","1,280.00","1,289.00","1,273.00","11.68K","-1.99%"
"08/07/2023","1,307.00","1,313.00","1,317.00","1,304.00","3.20K","-0.91%"
"08/04/2023","1,319.00","1,308.00","1,319.00","1,297.00","8.97K","-0.15%"
"08/03/2023","1,321.00","1,325.00","1,325.00","1,309.00","11.28K","-1.56%"
"08/02/2023","1,342.00","1,340.00","1,357.00","1,330.00","8.11K","-1.54%"
"08/01/2023","1,363.00","1,378.00","1,382.00","1,363.00","5.24K","0.15%"
"07/31/2023","1,361.00","1,368.00","1,369.00","1,358.00","7.75K","-1.73%"
"07/28/2023","1,385.00","1,388.00","1,388.00","1,368.00","9.38K","-1.00%"
"07/27/2023","1,399.00","1,395.00","1,402.00","1,390.00","15.33K","3.17%"
"07/26/2023","1,356.00","1,364.00","1,381.00","1,354.00","8.96K","-0.51%"
"07/25/2023","1,363.00","1,368.00","1,373.00","1,361.00","7.16K","-1.09%"
"07/24/2023","1,378.00","1,377.00","1,384.00","1,371.00","4.95K","0.44%"
"07/21/2023","1,372.00","1,364.00","1,374.00","1,361.00","8.16K","-0.72%"
"07/20/2023","1,382.00","1,394.00","1,397.00","1,375.00","9.80K","-2.26%"
"07/19/2023","1,414.00","1,418.00","1,420.00","1,410.00","3.44K","-1.19%"
"07/18/2023","1,431.00","1,422.00","1,435.00","1,418.00","6.15K","-0.69%"
"07/17/2023","1,441.00","1,439.00","1,442.00","1,432.00","4.80K","-0.07%"
"07/14/2023","1,442.00","1,438.00","1,444.00","1,437.00","8.04K","1.48%"
"07/13/2023","1,421.00","1,414.00","1,424.00","1,411.00","9.36K","0.78%"
"07/12/2023","1,410.00","1,389.00","1,420.00","1,386.00","7.23K","2.32%"
"07/11/2023","1,378.00","1,376.00","1,382.00","1,370.00","13.13K","2.91%"
"07/10/2023","1,339.00","1,322.00","1,343.00","1,322.00","9.45K","-1.03%"
"07/07/2023","1,353.00","1,338.00","1,353.00","1,331.00","12.77K","-0.22%"
"07/06/2023","1,356.00","1,377.00","1,381.00","1,346.00","12.43K","-2.38%"
"07/05/2023","1,389.00","1,386.00","1,390.00","1,377.00","6.76K","-1.77%"
"07/04/2023","1,414.00","1,407.00","1,415.00","1,401.00","4.56K","0.86%"
"07/03/2023","1,402.00","1,390.00","1,402.00","1,384.00","7.36K","1.15%"
"06/30/2023","1,386.00","1,366.00","1,386.00","1,361.00","8.89K","0.22%"
"06/29/2023","1,383.00","1,384.00","1,390.00","1,374.00","9.10K","-0.72%"
"06/28/2023","1,393.00","1,388.00","1,393.00","1,376.00","11.00K","-0.50%"
"06/27/2023","1,400.00","1,390.00","1,403.00","1,385.00","6.59K","1.74%"
"06/26/2023","1,376.00","1,389.00","1,390.00","1,376.00","7.20K","0.88%"
"06/23/2023","1,364.00","1,372.00","1,376.00","1,364.00","10.04K","-0.58%"
"06/22/2023","1,372.00","1,366.00","1,374.00","1,360.00","7.44K","1.33%"
"06/21/2023","1,354.00","1,358.00","1,363.00","1,347.00","12.33K","-1.96%"
"06/20/2023","1,381.00","1,386.00","1,392.00","1,375.00","5.79K","-0.29%"
"06/19/2023","1,385.00","1,392.00","1,396.00","1,375.00","6.11K","-1.49%"
"06/16/2023","1,406.00","1,402.00","1,408.00","1,398.00","9.95K","0.00%"
"06/15/2023","1,406.00","1,395.00","1,406.00","1,385.00","7.48K","-0.21%"
"06/14/2023","1,409.00","1,402.00","1,415.00","1,398.00","12.69K","-0.35%"
"06/13/2023","1,414.00","1,412.00","1,424.00","1,404.00","9.75K","2.17%"
"06/12/2023","1,384.00","1,377.00","1,390.00","1,371.00","9.81K","-0.65%"
"06/09/2023","1,393.00","1,398.00","1,408.00","1,385.00","7.52K","2.13%"
"06/08/2023","1,364.00","1,350.00","1,366.00","1,342.00","7.94K","-0.66%"
"06/07/2023","1,373.00","1,358.00","1,375.00","1,358.00","14.55K","-0.22%"
"06/06/2023","1,376.00","1,364.00","1,377.00","1,363.00","8.31K","0.58%"
"06/05/2023","1,368.00","1,366.00","1,371.00","1,354.00","11.63K","-1.37%"
"06/02/2023","1,387.00","1,377.00","1,390.00","1,377.00","8.39K","2.51%"
"06/01/2023","1,353.00","1,342.00","1,353.00","1,342.00","7.11K","0.30%"
"05/31/2023","1,349.00","1,346.00","1,354.00","1,336.00","17.55K","-1.68%"
"05/30/2023","1,372.00","1,353.00","1,382.00","1,353.00","16.09K","2.62%"
"05/26/2023","1,337.00","1,326.00","1,343.00","1,319.00","8.22K","2.61%"
"05/25/2023","1,303.00","1,297.00","1,307.00","1,291.00","18.70K","1.40%"
"05/24/2023","1,285.00","1,292.00","1,296.00","1,274.00","14.00K","-0.93%"
"05/23/2023","1,297.00","1,305.00","1,305.00","1,291.00","8.77K","-0.38%"
"05/22/2023","1,302.00","1,296.00","1,307.00","1,291.00","7.58K","1.01%"
"05/19/2023","1,289.00","1,287.00","1,295.00","1,281.00","11.34K","3.04%"
"05/18/2023","1,251.00","1,238.00","1,252.00","1,237.00","8.90K","3.22%"
"05/17/2023","1,212.00","1,213.00","1,218.00","1,205.00","9.38K","-0.82%"
"05/16/2023","1,222.00","1,223.00","1,230.00","1,217.00","5.91K","0.83%"
"05/15/2023","1,212.00","1,213.00","1,213.00","1,204.00","6.37K","1.68%"
"05/12/2023","1,192.00","1,193.00","1,202.00","1,192.00","8.84K","0.17%"
"05/11/2023","1,190.00","1,201.00","1,206.00","1,190.00","12.98K","-1.90%"
"05/10/2023","1,213.00","1,215.00","1,220.00","1,205.00","19.11K","-1.22%"
"05/09/2023","1,228.00","1,233.00","1,237.00","1,224.00","6.92K","-1.29%"
"05/05/2023","1,244.00","1,231.00","1,244.00","1,231.00","4.83K","1.47%"
"05/04/2023","1,226.00","1,224.00","1,238.00","1,221.00","8.48K","0.41%"
"05/03/2023","1,221.00","1,218.00","1,231.00","1,215.00","11.04K","0.66%"
"05/02/2023","1,213.00","1,220.00","1,227.00","1,213.00","7.85K","-1.70%"
"04/28/2023","1,234.00","1,220.00","1,234.00","1,213.00","12.45K","1.40%"
"04/27/2023","1,217.00","1,209.00","1,217.00","1,206.00","8.00K","1.00%"
"04/26/2023","1,205.00","1,195.00","1,205.00","1,189.00","10.50K","2.03%"
"04/25/2023","1,181.00","1,192.00","1,196.00","1,178.00","5.73K","-3.04%"
"04/24/2023","1,218.00","1,221.00","1,226.00","1,218.00","5.41K","-1.30%"
"04/21/2023","1,234.00","1,237.00","1,239.00","1,230.00","4.99K","-0.64%"
"04/20/2023","1,242.00","1,232.00","1,243.00","1,229.00","10.89K","0.81%"
"04/19/2023","1,232.00","1,230.00","1,237.00","1,221.00","13.22K","-1.52%"
"04/18/2023","1,251.00","1,244.00","1,254.00","1,244.00","4.96K","0.81%"
"04/17/2023","1,241.00","1,249.00","1,251.00","1,234.00","7.62K","-0.88%"
"04/14/2023","1,252.00","1,248.00","1,259.00","1,246.00","13.28K","-1.18%"
"04/13/2023","1,267.00","1,256.00","1,267.00","1,252.00","13.13K","2.51%"
"04/12/2023","1,236.00","1,237.00","1,255.00","1,228.00","10.54K","-0.08%"
"04/11/2023","1,237.00","1,237.00","1,243.00","1,236.00","11.94K","3.95%"
"04/06/2023","1,190.00","1,184.00","1,190.00","1,178.00","8.04K","-1.49%"
"04/05/2023","1,208.00","1,215.00","1,221.00","1,206.00","7.20K","0.58%"
"04/04/2023","1,201.00","1,210.00","1,214.00","1,199.00","8.52K","0.25%"
"04/03/2023","1,198.00","1,199.00","1,204.00","1,194.00","9.35K","-2.48%"
"03/31/2023","1,228.50","1,233.00","1,234.50","1,221.50","11.15K","1.07%"
"03/30/2023","1,215.50","1,219.50","1,223.50","1,211.00","14.38K","0.12%"
"03/29/2023","1,214.00","1,199.00","1,214.00","1,198.00","5.20K","0.58%"
"03/28/2023","1,207.00","1,206.00","1,210.00","1,202.50","4.92K","0.71%"
"03/27/2023","1,198.50","1,192.50","1,199.50","1,184.00","5.38K","-0.13%"
"03/24/2023","1,200.00","1,220.50","1,220.50","1,194.00","8.72K","-1.07%"
"03/23/2023","1,213.00","1,211.50","1,219.50","1,203.00","7.05K","3.50%"
"03/22/2023","1,172.00","1,165.00","1,177.00","1,165.00","5.09K","0.69%"
"03/21/2023","1,164.00","1,148.00","1,168.00","1,148.00","8.94K","1.13%"
"03/20/2023","1,151.00","1,146.50","1,160.00","1,141.00","11.28K","-1.54%"
"03/17/2023","1,169.00","1,168.50","1,175.50","1,162.00","12.12K","1.74%"
"03/16/2023","1,149.00","1,136.50","1,151.50","1,130.00","7.05K","3.28%"
"03/15/2023","1,112.50","1,147.00","1,147.00","1,108.50","11.13K","-2.63%"
"03/14/2023","1,142.50","1,126.00","1,147.50","1,124.00","7.08K","0.26%"
"03/13/2023","1,139.50","1,153.00","1,157.00","1,127.50","12.09K","-0.22%"
"03/10/2023","1,142.00","1,124.00","1,145.50","1,123.50","13.21K","0.09%"
"03/09/2023","1,141.00","1,136.00","1,144.50","1,133.50","9.43K","-0.95%"
"03/08/2023","1,152.00","1,143.00","1,155.00","1,141.50","9.01K","-0.39%"
"03/07/2023","1,156.50","1,167.50","1,170.00","1,154.50","7.71K","-2.73%"
"03/06/2023","1,189.00","1,187.00","1,190.00","1,182.00","6.53K","1.36%"
"03/03/2023","1,173.00","1,161.00","1,175.00","1,161.00","6.47K","1.51%"
"03/02/2023","1,155.50","1,150.00","1,160.00","1,150.00","5.70K","-0.86%"
"03/01/2023","1,165.50","1,164.00","1,176.00","1,163.50","6.47K","1.52%"
"02/28/2023","1,148.00","1,150.00","1,154.50","1,143.50","8.28K","-0.52%"
"02/27/2023","1,154.00","1,142.50","1,161.50","1,142.50","6.96K","-0.39%"
"02/24/2023","1,158.50","1,173.00","1,176.00","1,111.00","10.47K","-2.61%"
"02/23/2023","1,189.50","1,198.00","1,205.50","1,189.50","8.37K","1.19%"
"02/22/2023","1,175.50","1,172.50","1,183.50","1,170.00","6.66K","-1.01%"
"02/21/2023","1,187.50","1,200.00","1,200.00","1,184.00","9.81K","-2.14%"
"02/20/2023","1,213.50","1,211.50","1,215.50","1,205.00","3.47K","0.54%"
"02/17/2023","1,207.00","1,204.00","1,210.50","1,201.50","7.48K","-1.79%"
"02/16/2023","1,229.00","1,233.00","1,240.00","1,223.00","7.52K","1.65%"
"02/15/2023","1,209.00","1,214.50","1,217.50","1,207.00","9.30K","-3.09%"
"02/14/2023","1,247.50","1,247.00","1,264.00","1,242.00","14.07K","0.77%"
"02/13/2023","1,238.00","1,238.00","1,239.00","1,228.50","6.94K","0.28%"
"02/10/2023","1,234.50","1,240.00","1,248.50","1,230.00","7.38K","-1.63%"
"02/09/2023","1,255.00","1,250.50","1,264.00","1,248.50","11.01K","1.01%"
"02/08/2023","1,242.50","1,258.00","1,258.00","1,242.50","13.27K","1.06%"
"02/07/2023","1,229.50","1,226.00","1,231.50","1,220.50","11.36K","0.53%"
"02/06/2023","1,223.00","1,234.50","1,235.00","1,217.00","13.19K","-4.64%"
"02/03/2023","1,282.50","1,293.50","1,295.50","1,270.00","9.90K","-1.42%"
"02/02/2023","1,301.00","1,305.00","1,307.00","1,291.25","14.90K","3.67%"
"02/01/2023","1,255.00","1,250.50","1,260.00","1,248.00","13.53K","1.83%"
"01/31/2023","1,232.50","1,238.00","1,241.00","1,224.00","14.55K","-3.97%"
"01/30/2023","1,283.50","1,287.00","1,287.50","1,277.00","14.89K","-2.36%"
"01/27/2023","1,314.50","1,309.50","1,319.50","1,304.50","9.18K","1.35%"
"01/26/2023","1,297.00","1,288.50","1,305.00","1,285.00","11.10K","1.49%"
"01/25/2023","1,278.00","1,286.50","1,289.50","1,272.50","7.27K","-0.31%"
"01/24/2023","1,282.00","1,288.00","1,297.50","1,278.00","16.90K","-0.81%"
"01/23/2023","1,292.50","1,260.00","1,294.00","1,260.00","8.89K","2.99%"
"01/20/2023","1,255.00","1,251.00","1,261.50","1,246.50","13.40K","1.54%"
"01/19/2023","1,236.00","1,240.00","1,246.00","1,231.50","12.30K","0.82%"
"01/18/2023","1,226.00","1,222.00","1,240.00","1,217.00","10.24K","-0.28%"
"01/17/2023","1,229.50","1,224.00","1,232.00","1,220.50","15.87K","0.08%"
"01/16/2023","1,228.50","1,231.00","1,235.50","1,214.50","11.97K","0.66%"
"01/13/2023","1,220.50","1,223.00","1,230.50","1,215.50","11.44K","0.00%"
"01/12/2023","1,220.50","1,210.00","1,223.50","1,207.50","16.99K","0.87%"
"01/11/2023","1,210.00","1,211.50","1,213.00","1,205.00","11.15K","-0.25%"
"01/10/2023","1,213.00","1,219.00","1,219.00","1,206.00","12.16K","-1.70%"
"01/09/2023","1,234.00","1,210.50","1,234.00","1,210.00","21.05K","5.25%"
"01/06/2023","1,172.50","1,159.50","1,178.00","1,146.00","16.32K","4.13%"
"01/05/2023","1,126.00","1,139.00","1,145.50","1,126.00","14.16K","-0.97%"
"01/04/2023","1,137.00","1,133.50","1,140.00","1,131.50","12.84K","5.62%"
"01/03/2023","1,076.50","1,087.00","1,094.50","1,076.50","11.62K","-2.58%"
"12/30/2022","1,105.00","1,095.00","1,107.00","1,094.50","3.36K","0.32%"
"12/29/2022","1,101.50","1,096.50","1,108.00","1,090.00","7.47K","-0.72%"
"12/28/2022","1,109.50","1,110.00","1,121.00","1,103.50","15.45K","-1.73%"
"12/23/2022","1,129.00","1,127.50","1,132.50","1,126.00","2.41K","0.13%"
"12/22/2022","1,127.50","1,152.00","1,152.00","1,127.50","10.00K","-0.53%"
"12/21/2022","1,133.50","1,126.00","1,133.50","1,120.00","13.23K","-0.74%"
"12/20/2022","1,142.00","1,127.00","1,144.50","1,127.00","18.73K","0.79%"
"12/19/2022","1,133.00","1,134.00","1,144.50","1,130.50","11.99K","0.85%"
"12/16/2022","1,123.50","1,130.00","1,131.50","1,117.50","19.12K","1.54%"
"12/15/2022","1,106.50","1,131.50","1,132.50","1,104.00","9.94K","-4.86%"
"12/14/2022","1,163.00","1,164.00","1,165.00","1,155.50","7.07K","-0.21%"
"12/13/2022","1,165.50","1,144.00","1,173.50","1,137.00","13.34K","2.60%"
"12/12/2022","1,136.00","1,135.50","1,138.00","1,130.50","6.34K","-1.35%"
"12/09/2022","1,151.50","1,155.50","1,163.00","1,147.00","9.89K","2.58%"
"12/08/2022","1,122.50","1,114.00","1,126.00","1,113.50","13.65K","1.49%"
"12/07/2022","1,106.00","1,114.00","1,114.00","1,100.50","13.58K","-1.16%"
"12/06/2022","1,119.00","1,120.00","1,121.50","1,112.00","15.24K","-2.61%"
"12/05/2022","1,149.00","1,163.50","1,163.50","1,144.00","12.21K","-0.56%"
"12/02/2022","1,155.50","1,158.00","1,163.00","1,142.50","15.78K","-2.78%"
"12/01/2022","1,188.50","1,198.00","1,199.50","1,186.00","19.92K","2.19%"
"11/30/2022","1,163.00","1,172.00","1,175.50","1,153.50","28.10K","3.29%"
"11/29/2022","1,126.00","1,141.00","1,142.00","1,121.50","18.33K","0.58%"
"11/28/2022","1,119.50","1,117.50","1,130.00","1,116.00","6.63K","-1.37%"
"11/25/2022","1,135.00","1,154.00","1,154.00","1,132.00","4.99K","-1.73%"
"11/24/2022","1,155.00","1,148.00","1,160.00","1,148.00","7.19K","1.90%"
"11/23/2022","1,133.50","1,126.00","1,140.00","1,123.00","8.80K","1.02%"
"11/22/2022","1,122.00","1,112.00","1,128.50","1,108.00","16.59K","0.40%"
"11/21/2022","1,117.50","1,128.00","1,128.00","1,115.00","10.76K","-2.61%"
"11/18/2022","1,147.50","1,153.00","1,156.50","1,140.50","7.47K","0.97%"
"11/17/2022","1,136.50","1,146.50","1,152.50","1,121.00","13.86K","-2.07%"
"11/16/2022","1,160.50","1,187.00","1,187.00","1,160.00","14.23K","-2.72%"
"11/15/2022","1,193.00","1,184.00","1,202.50","1,181.00","7.90K","2.18%"
"11/14/2022","1,167.50","1,162.00","1,171.50","1,158.00","11.94K","-1.89%"
"11/11/2022","1,190.00","1,183.00","1,197.50","1,179.00","11.94K","4.43%"
"11/10/2022","1,139.50","1,087.00","1,145.00","1,085.50","22.33K","1.11%"
"11/09/2022","1,127.00","1,136.00","1,140.50","1,121.00","12.43K","-0.13%"
"11/08/2022","1,128.50","1,113.50","1,131.00","1,112.50","11.39K","4.44%"
"11/07/2022","1,080.50","1,066.00","1,088.00","1,065.00","7.57K","2.32%"
"11/04/2022","1,056.00","1,044.00","1,066.00","1,032.00","10.79K","2.23%"
"11/03/2022","1,033.00","1,035.50","1,037.00","1,025.50","13.81K","-0.39%"
"11/02/2022","1,037.00","1,043.00","1,052.00","1,032.50","20.95K","-1.05%"
"11/01/2022","1,048.00","1,052.00","1,062.00","1,044.50","11.40K","1.40%"
"10/31/2022","1,033.50","1,041.00","1,041.00","1,031.00","13.19K","2.23%"
"10/28/2022","1,011.00","1,002.50","1,012.00","996.00","18.29K","-2.84%"
"10/27/2022","1,040.50","1,034.00","1,046.50","1,031.50","18.94K","-0.34%"
"10/26/2022","1,044.00","1,037.00","1,050.00","1,036.50","40.13K","3.26%"
"10/25/2022","1,011.00","991.60","1,011.00","991.60","25.97K","2.33%"
"10/24/2022","988.00","993.80","996.20","982.80","33.43K","1.04%"
"10/21/2022","977.80","971.20","981.60","958.00","10.85K","0.18%"
"10/20/2022","976.00","960.20","980.00","960.20","17.62K","1.54%"
"10/19/2022","961.20","974.60","975.80","957.80","33.34K","-1.44%"
"10/18/2022","975.20","984.20","990.60","973.00","15.15K","-1.48%"
"10/17/2022","989.80","981.20","995.60","978.60","21.15K","2.27%"
"10/14/2022","967.80","979.80","987.40","962.80","24.22K","0.50%"
"10/13/2022","963.00","962.40","967.20","932.80","28.33K","0.27%"
"10/12/2022","960.40","976.40","977.60","960.40","26.29K","0.38%"
"10/11/2022","956.80","952.00","964.20","948.60","35.67K","0.61%"
"10/10/2022","951.00","967.80","975.80","949.40","16.99K","-2.52%"
"10/07/2022","975.60","991.40","995.60","975.60","13.92K","-1.35%"
"10/06/2022","989.00","999.80","1,005.00","987.00","8.65K","1.87%"
"10/05/2022","970.80","986.00","990.60","969.20","9.91K","-1.54%"
"10/04/2022","986.00","969.20","986.00","963.00","15.74K","6.00%"
"10/03/2022","930.20","913.00","930.20","901.40","11.40K","0.89%"
"09/30/2022","922.00","924.00","930.40","909.60","13.83K","1.65%"
"09/29/2022","907.00","912.00","919.40","902.60","10.05K","-2.01%"
"09/28/2022","925.60","914.00","929.60","909.40","18.88K","-2.16%"
"09/27/2022","946.00","951.20","953.20","940.20","14.28K","0.98%"
"09/26/2022","936.80","935.00","948.80","935.00","7.19K","-0.83%"
"09/23/2022","944.60","963.00","963.00","943.00","12.86K","-1.83%"
"09/22/2022","962.20","959.00","974.20","957.80","18.44K","-2.81%"
"09/21/2022","990.00","983.80","990.80","979.60","14.05K","0.41%"
"09/20/2022","986.00","1,002.00","1,004.00","986.00","13.75K","-3.05%"
"09/16/2022","1,017.00","1,004.50","1,017.00","1,002.50","16.27K","1.82%"
"09/15/2022","998.80","998.80","1,004.00","994.00","9.52K","-1.69%"
"09/14/2022","1,016.00","1,017.00","1,020.00","1,014.00","7.17K","-0.20%"
"09/13/2022","1,018.00","1,054.00","1,061.50","1,016.50","16.27K","-1.45%"
"09/12/2022","1,033.00","1,031.00","1,034.50","1,027.50","10.89K","0.58%"
"09/09/2022","1,027.00","1,011.50","1,027.50","1,011.50","13.52K","1.83%"
"09/08/2022","1,008.50","1,008.50","1,008.50","996.60","11.39K","-0.64%"
"09/07/2022","1,015.00","1,009.00","1,016.50","1,004.50","8.17K","-1.07%"
"09/06/2022","1,026.00","1,035.00","1,038.00","1,021.50","8.23K","-0.97%"
"09/05/2022","1,036.00","1,041.00","1,041.00","1,030.00","5.15K","-2.77%"
"09/02/2022","1,065.50","1,053.50","1,065.50","1,052.00","14.03K","-0.05%"
"09/01/2022","1,066.00","1,078.50","1,078.50","1,064.50","9.05K","-2.69%"
"08/31/2022","1,095.50","1,100.00","1,108.00","1,094.50","23.93K","1.91%"
"08/30/2022","1,075.00","1,085.00","1,094.50","1,070.50","11.21K","-2.63%"
"08/26/2022","1,104.00","1,118.50","1,129.00","1,101.50","13.05K","-0.72%"
"08/25/2022","1,112.00","1,118.50","1,119.50","1,111.00","8.53K","0.45%"
"08/24/2022","1,107.00","1,094.00","1,107.00","1,091.00","11.90K","0.14%"
"08/23/2022","1,105.50","1,091.00","1,108.50","1,091.00","31.14K","0.55%"
"08/22/2022","1,099.50","1,112.50","1,112.50","1,099.50","8.67K","-2.14%"
"08/19/2022","1,123.50","1,139.50","1,141.00","1,119.50","10.27K","-2.98%"
"08/18/2022","1,158.00","1,159.50","1,162.50","1,156.00","9.53K","2.39%"
"08/17/2022","1,131.00","1,149.50","1,151.50","1,128.50","17.82K","-2.58%"
"08/16/2022","1,161.00","1,152.00","1,163.50","1,152.00","8.60K","1.00%"
"08/15/2022","1,149.50","1,157.50","1,158.00","1,144.00","5.82K","0.09%"
"08/12/2022","1,148.50","1,152.00","1,157.00","1,146.50","4.18K","0.61%"
"08/11/2022","1,141.50","1,144.00","1,155.50","1,139.50","12.81K","-0.22%"
"08/10/2022","1,144.00","1,120.50","1,146.50","1,118.00","15.68K","0.53%"
"08/09/2022","1,138.00","1,151.00","1,151.50","1,134.00","10.42K","-2.49%"
"08/08/2022","1,167.00","1,162.00","1,172.50","1,157.50","7.05K","-0.38%"
"08/05/2022","1,171.50","1,178.50","1,185.00","1,171.00","4.62K","-0.38%"
"08/04/2022","1,176.00","1,175.00","1,178.00","1,168.00","6.33K","0.26%"
"08/03/2022","1,173.00","1,159.00","1,178.00","1,158.50","12.31K","-0.21%"
"08/02/2022","1,175.50","1,174.50","1,179.00","1,171.50","10.98K","-0.08%"
"08/01/2022","1,176.50","1,169.00","1,183.00","1,164.50","6.76K","0.90%"
"07/29/2022","1,166.00","1,178.00","1,182.00","1,162.50","11.22K","-2.26%"
"07/28/2022","1,193.00","1,186.00","1,194.50","1,182.00","7.94K","1.84%"
"07/27/2022","1,171.50","1,172.50","1,176.00","1,168.00","7.23K","0.26%"
"07/26/2022","1,168.50","1,173.00","1,177.00","1,165.50","6.50K","0.56%"
"07/25/2022","1,162.00","1,165.50","1,171.00","1,161.50","8.68K","-0.94%"
"07/22/2022","1,173.00","1,166.00","1,180.00","1,164.00","12.38K","-0.38%"
"07/21/2022","1,177.50","1,182.00","1,184.00","1,173.00","10.87K","1.51%"
"07/20/2022","1,160.00","1,149.50","1,161.00","1,145.50","13.65K","-1.23%"
"07/19/2022","1,174.50","1,156.00","1,175.50","1,153.00","10.29K","0.26%"
"07/18/2022","1,171.50","1,169.50","1,179.50","1,169.50","10.08K","3.17%"
"07/15/2022","1,135.50","1,120.00","1,139.50","1,120.00","10.71K","5.14%"
"07/14/2022","1,080.00","1,099.00","1,105.00","1,073.00","22.99K","-2.00%"
"07/13/2022","1,102.00","1,108.00","1,110.00","1,088.00","16.13K","-0.99%"
"07/12/2022","1,113.00","1,102.00","1,116.00","1,099.00","21.38K","0.04%"
"07/11/2022","1,112.50","1,118.50","1,126.00","1,106.50","8.98K","-2.11%"
"07/08/2022","1,136.50","1,123.00","1,137.50","1,119.00","10.54K","1.11%"
"07/07/2022","1,124.00","1,117.00","1,125.50","1,111.00","17.07K","4.46%"
"07/06/2022","1,076.00","1,072.50","1,087.00","1,072.50","14.25K","0.80%"
"07/05/2022","1,067.50","1,094.00","1,095.50","1,065.00","15.46K","-2.15%"
"07/04/2022","1,091.00","1,095.00","1,097.50","1,090.00","7.52K","2.11%"
"07/01/2022","1,068.50","1,071.00","1,087.00","1,064.00","18.24K","-2.06%"
"06/30/2022","1,091.00","1,096.00","1,096.50","1,083.50","13.71K","-1.89%"
"06/29/2022","1,112.00","1,108.00","1,118.00","1,103.00","13.77K","-2.41%"
"06/28/2022","1,139.50","1,151.00","1,154.00","1,134.50","18.69K","-0.57%"
"06/27/2022","1,146.00","1,130.00","1,156.50","1,130.00","13.45K","1.24%"
"06/24/2022","1,132.00","1,119.00","1,137.50","1,119.00","18.19K","2.63%"
"06/23/2022","1,103.00","1,088.50","1,108.00","1,088.50","25.95K","-1.43%"
"06/22/2022","1,119.00","1,109.00","1,119.50","1,097.00","17.16K","-1.54%"
"06/21/2022","1,136.50","1,134.00","1,139.50","1,126.50","15.77K","0.00%"
"06/20/2022","1,136.50","1,127.50","1,136.50","1,126.00","9.40K","0.75%"
"06/17/2022","1,128.00","1,147.00","1,153.00","1,126.50","32.35K","-1.10%"
"06/16/2022","1,140.50","1,172.00","1,175.50","1,133.00","13.70K","-2.89%"
"06/15/2022","1,174.50","1,167.50","1,178.00","1,167.50","8.69K","-0.80%"
"06/14/2022","1,184.00","1,201.00","1,201.00","1,178.50","18.29K","0.17%"
"06/13/2022","1,182.00","1,205.00","1,206.00","1,167.50","9.93K","-3.35%"
"06/10/2022","1,223.00","1,254.50","1,257.50","1,217.50","12.84K","-4.00%"
"06/09/2022","1,274.00","1,288.00","1,298.50","1,268.50","12.04K","-1.58%"
"06/08/2022","1,294.50","1,301.00","1,305.50","1,293.50","9.95K","-0.19%"
"06/07/2022","1,297.00","1,299.50","1,305.00","1,278.00","15.70K","-1.52%"
"06/06/2022","1,317.00","1,329.00","1,337.00","1,317.00","11.61K","-0.98%"
"06/01/2022","1,330.00","1,346.50","1,346.50","1,327.00","7.38K","-0.86%"
"05/31/2022","1,341.50","1,350.00","1,356.00","1,338.50","17.10K","-1.00%"
"05/30/2022","1,355.00","1,347.50","1,361.00","1,347.50","10.10K","2.11%"
"05/27/2022","1,327.00","1,311.00","1,334.00","1,311.00","14.74K","1.53%"
"05/26/2022","1,307.00","1,290.50","1,312.00","1,290.50","16.53K","0.42%"
"05/25/2022","1,301.50","1,298.00","1,312.00","1,293.50","14.58K","-0.23%"
"05/24/2022","1,304.50","1,318.00","1,322.50","1,303.00","9.39K","-3.30%"
"05/23/2022","1,349.00","1,338.00","1,349.00","1,331.50","7.00K","1.77%"
"05/20/2022","1,325.50","1,339.50","1,344.50","1,324.50","9.99K","-0.82%"
"05/19/2022","1,336.50","1,307.00","1,336.50","1,298.50","27.53K","1.79%"
"05/18/2022","1,313.00","1,337.00","1,340.00","1,312.50","17.83K","-1.57%"
"05/17/2022","1,334.00","1,325.00","1,341.00","1,322.00","6.30K","3.45%"
"05/16/2022","1,289.50","1,294.00","1,300.00","1,287.00","9.56K","-1.45%"
"05/13/2022","1,308.50","1,292.50","1,311.50","1,287.00","9.04K","3.68%"
"05/12/2022","1,262.00","1,255.50","1,265.50","1,243.00","12.19K","-1.75%"
"05/11/2022","1,284.50","1,284.00","1,290.00","1,268.50","11.50K","0.59%"
"05/10/2022","1,277.00","1,281.00","1,293.00","1,276.00","12.96K","0.20%"
"05/09/2022","1,274.50","1,287.00","1,293.50","1,274.50","15.11K","-2.22%"
"05/06/2022","1,303.50","1,305.00","1,306.50","1,290.00","18.67K","-0.46%"
"05/05/2022","1,309.50","1,352.50","1,360.50","1,307.00","17.76K","-1.39%"
"05/04/2022","1,328.00","1,345.00","1,345.00","1,328.00","12.57K","-0.56%"
"05/03/2022","1,335.50","1,340.00","1,340.00","1,322.00","20.39K","0.91%"
"04/29/2022","1,323.50","1,330.00","1,337.50","1,318.50","23.56K","3.80%"
"04/28/2022","1,275.00","1,268.50","1,281.50","1,263.50","13.51K","-0.16%"
"04/27/2022","1,277.00","1,276.00","1,283.50","1,265.50","22.03K","-1.20%"
"04/26/2022","1,292.50","1,318.00","1,324.00","1,290.00","6.78K","-1.71%"
"04/25/2022","1,315.00","1,312.50","1,324.00","1,306.00","14.81K","-1.50%"
"04/22/2022","1,335.00","1,348.50","1,353.00","1,335.00","13.60K","-2.05%"
"04/21/2022","1,363.00","1,368.00","1,375.50","1,358.50","16.46K","-0.07%"
"04/20/2022","1,364.00","1,356.00","1,372.00","1,353.50","14.52K","0.81%"
"04/19/2022","1,353.00","1,351.00","1,358.00","1,341.00","17.98K","-0.55%"
"04/14/2022","1,360.50","1,372.50","1,376.00","1,360.50","5.84K","-2.12%"
"04/13/2022","1,390.00","1,399.50","1,400.00","1,383.00","11.38K","1.68%"
"04/12/2022","1,367.00","1,363.00","1,375.00","1,353.00","13.08K","0.29%"
"04/11/2022","1,363.00","1,363.50","1,374.00","1,363.00","15.81K","-0.40%"
"04/08/2022","1,368.50","1,381.00","1,383.50","1,367.50","15.31K","-0.94%"
"04/07/2022","1,381.50","1,388.50","1,393.50","1,338.00","16.56K","-0.90%"
"04/06/2022","1,394.00","1,406.00","1,407.00","1,382.00","19.52K","-0.89%"
"04/05/2022","1,406.50","1,426.00","1,429.00","1,405.50","8.92K","-1.44%"
"04/04/2022","1,427.00","1,428.00","1,430.00","1,419.50","5.78K","0.25%"
"04/01/2022","1,423.50","1,423.50","1,424.50","1,409.50","13.61K","0.32%"
"03/31/2022","1,419.00","1,436.50","1,438.50","1,418.00","18.37K","-1.22%"
"03/30/2022","1,436.50","1,452.50","1,452.50","1,433.50","9.84K","-1.34%"
"03/29/2022","1,456.00","1,440.00","1,462.50","1,433.00","17.94K","2.07%"
"03/28/2022","1,426.50","1,412.50","1,434.50","1,411.50","7.83K","0.81%"
"03/25/2022","1,415.00","1,429.00","1,433.50","1,409.50","10.61K","-1.39%"
"03/24/2022","1,435.00","1,422.50","1,435.00","1,412.50","17.26K","0.28%"
"03/23/2022","1,431.00","1,441.00","1,442.50","1,422.50","21.10K","-0.45%"
"03/22/2022","1,437.50","1,435.00","1,443.00","1,431.50","36.85K","0.74%"
"03/21/2022","1,427.00","1,432.50","1,440.00","1,425.50","28.90K","-2.19%"
"03/18/2022","1,459.00","1,464.50","1,464.50","1,445.00","18.82K","-0.98%"
"03/17/2022","1,473.50","1,465.00","1,480.50","1,454.50","27.32K","1.94%"
"03/16/2022","1,445.50","1,420.00","1,448.00","1,418.00","18.14K","3.18%"
"03/15/2022","1,401.00","1,391.50","1,402.00","1,373.50","26.47K","0.29%"
"03/14/2022","1,397.00","1,409.00","1,413.00","1,388.50","22.06K","-0.11%"
"03/11/2022","1,398.50","1,412.00","1,421.00","1,394.50","29.78K","-1.06%"
"03/10/2022","1,413.50","1,456.00","1,456.00","1,410.50","19.26K","-2.58%"
"03/09/2022","1,451.00","1,433.00","1,451.00","1,419.00","19.20K","3.68%"
"03/08/2022","1,399.50","1,398.00","1,417.50","1,384.50","19.74K","-1.65%"
"03/07/2022","1,423.00","1,420.00","1,432.00","1,406.50","31.70K","-1.83%"
"03/04/2022","1,449.50","1,474.00","1,474.00","1,447.50","11.86K","-2.32%"
"03/03/2022","1,484.00","1,504.00","1,509.50","1,484.00","16.77K","-0.30%"
"03/02/2022","1,488.50","1,481.00","1,495.50","1,477.00","14.13K","-0.73%"
"03/01/2022","1,499.50","1,511.00","1,524.50","1,499.50","15.24K","-0.33%"
"02/28/2022","1,504.50","1,498.00","1,508.00","1,489.00","25.47K","-0.43%"
"02/25/2022","1,511.00","1,503.00","1,518.00","1,487.50","14.07K","2.48%"
"02/24/2022","1,474.50","1,453.50","1,484.00","1,448.00","54.98K","-3.03%"
"02/23/2022","1,520.50","1,530.00","1,537.00","1,512.50","16.81K","-1.01%"
"02/22/2022","1,536.00","1,524.50","1,552.50","1,524.50","16.59K","0.13%"
"02/21/2022","1,534.00","1,556.00","1,559.50","1,530.00","20.65K","-0.45%"
"02/18/2022","1,541.00","1,542.00","1,557.00","1,534.00","13.20K","-1.12%"
"02/17/2022","1,558.50","1,572.00","1,579.00","1,555.00","17.24K","-0.13%"
"02/16/2022","1,560.50","1,563.00","1,568.50","1,553.50","9.74K","0.55%"
"02/15/2022","1,552.00","1,540.00","1,554.00","1,531.50","16.64K","0.42%"
"02/14/2022","1,545.50","1,533.50","1,545.50","1,514.50","22.21K","-1.21%"
"02/11/2022","1,564.50","1,572.00","1,574.00","1,560.00","15.08K","-1.23%"
"02/10/2022","1,584.00","1,579.50","1,588.50","1,562.00","50.18K","1.02%"
"02/09/2022","1,568.00","1,552.00","1,576.50","1,551.50","16.98K","2.72%"
"02/08/2022","1,526.50","1,525.00","1,531.50","1,518.50","39.20K","-0.03%"
"02/07/2022","1,527.00","1,522.00","1,532.50","1,512.50","18.03K","-0.10%"
"02/04/2022","1,528.50","1,544.00","1,549.00","1,522.50","12.21K","-0.46%"
"02/03/2022","1,535.50","1,524.00","1,537.50","1,517.00","17.75K","-1.73%"
"02/02/2022","1,562.50","1,573.50","1,583.00","1,562.00","8.46K","-0.10%"
"02/01/2022","1,564.00","1,561.00","1,571.00","1,547.00","14.84K","1.30%"
"01/31/2022","1,544.00","1,533.00","1,549.50","1,523.50","13.81K","2.97%"
"01/28/2022","1,499.50","1,513.50","1,516.50","1,486.00","19.41K","-0.17%"
"01/27/2022","1,502.00","1,494.00","1,507.00","1,486.50","19.80K","-3.07%"
"01/26/2022","1,549.50","1,533.00","1,552.50","1,530.00","20.45K","1.34%"
"01/25/2022","1,529.00","1,537.00","1,539.50","1,517.00","21.18K","0.20%"
"01/24/2022","1,526.00","1,563.50","1,567.00","1,523.50","14.68K","-3.84%"
"01/21/2022","1,587.00","1,575.00","1,591.50","1,574.50","13.08K","-1.95%"
"01/20/2022","1,618.50","1,606.00","1,622.50","1,596.50","12.14K","1.28%"
"01/19/2022","1,598.00","1,601.50","1,614.00","1,592.50","13.96K","-0.25%"
"01/18/2022","1,602.00","1,617.00","1,617.00","1,592.00","20.18K","-1.45%"
"01/17/2022","1,625.50","1,623.50","1,627.50","1,620.50","5.13K","0.18%"
"01/14/2022","1,622.50","1,623.50","1,631.50","1,612.50","15.34K","-1.37%"
"01/13/2022","1,645.00","1,640.00","1,648.00","1,635.50","18.62K","-0.72%"
"01/12/2022","1,657.00","1,645.50","1,660.50","1,639.50","43.00K","0.42%"
"01/11/2022","1,650.00","1,650.50","1,650.50","1,636.00","94.95K","2.48%"
"01/10/2022","1,610.00","1,627.00","1,628.00","1,601.00","24.28K","-0.80%"
"01/07/2022","1,623.00","1,624.00","1,634.50","1,610.50","23.08K","2.20%"
"01/06/2022","1,588.00","1,597.00","1,597.00","1,576.50","95.47K","-1.00%"
"01/05/2022","1,604.00","1,614.00","1,615.50","1,600.00","69.48K","-2.34%"
"01/04/2022","1,642.50","1,651.00","1,653.00","1,636.50","29.10K","-0.39%"
"12/31/2021","1,649.00","1,652.00","1,654.00","1,644.00","2.12K","-0.27%"
"12/30/2021","1,653.50","1,664.00","1,664.00","1,635.00","15.49K","-0.66%"
"12/29/2021","1,664.50","1,654.00","1,669.00","1,651.50","27.34K","-1.83%"
"12/24/2021","1,695.50","1,690.50","1,698.50","1,688.50","1.49K","0.50%"
"12/23/2021","1,687.00","1,686.00","1,690.50","1,676.00","18.02K","0.78%"
"12/22/2021","1,674.00","1,658.00","1,674.00","1,650.00","14.59K","2.23%"
"12/21/2021","1,637.50","1,632.00","1,637.50","1,622.00","12.78K","2.60%"
"12/20/2021","1,596.00","1,608.50","1,611.50","1,593.50","38.21K","-1.97%"
"12/17/2021","1,628.00","1,644.50","1,644.50","1,620.50","27.22K","-0.18%"
"12/16/2021","1,631.00","1,651.50","1,656.50","1,625.00","35.89K","0.43%"
"12/15/2021","1,624.00","1,637.00","1,637.50","1,615.50","25.29K","1.47%"
"12/14/2021","1,600.50","1,633.50","1,633.50","1,594.50","30.51K","-0.40%"
"12/13/2021","1,607.00","1,626.50","1,633.00","1,604.00","17.93K","-1.86%"
"12/10/2021","1,637.50","1,635.00","1,643.50","1,629.00","13.26K","-1.12%"
"12/09/2021","1,656.00","1,659.00","1,665.00","1,648.50","17.70K","0.36%"
"12/08/2021","1,650.00","1,636.00","1,655.50","1,636.00","18.54K","-0.93%"
"12/07/2021","1,665.50","1,650.00","1,671.00","1,645.00","19.19K","2.81%"
"12/06/2021","1,620.00","1,610.00","1,623.50","1,607.00","19.53K","2.24%"
"12/03/2021","1,584.50","1,592.00","1,604.00","1,578.50","14.93K","-1.03%"
"12/02/2021","1,601.00","1,608.00","1,610.00","1,590.50","19.77K","0.69%"
"12/01/2021","1,590.00","1,569.50","1,602.50","1,565.00","17.51K","6.14%"
"11/30/2021","1,498.00","1,502.00","1,511.00","1,490.00","15.76K","-1.15%"
"11/29/2021","1,515.50","1,523.00","1,526.50","1,507.50","12.17K","1.41%"
"11/26/2021","1,494.50","1,506.00","1,509.50","1,482.00","18.03K","-3.67%"
"11/25/2021","1,551.50","1,550.50","1,554.00","1,548.00","5.70K","-0.96%"
"11/24/2021","1,566.50","1,578.50","1,581.00","1,561.00","9.36K","-0.98%"
"11/23/2021","1,582.00","1,591.50","1,592.00","1,579.50","17.00K","-0.13%"
"11/22/2021","1,584.00","1,577.00","1,589.00","1,572.50","25.15K","5.21%"
"11/19/2021","1,505.50","1,503.00","1,513.50","1,484.50","22.25K","1.59%"
"11/18/2021","1,482.00","1,499.50","1,499.50","1,473.00","8.42K","-0.74%"
"11/17/2021","1,493.00","1,499.00","1,500.00","1,489.00","14.12K","-1.26%"
"11/16/2021","1,512.00","1,518.00","1,519.50","1,505.00","11.73K","-0.82%"
"11/15/2021","1,524.50","1,521.00","1,526.50","1,518.00","23.43K","0.93%"
"11/12/2021","1,510.50","1,498.50","1,514.00","1,492.50","11.86K","1.44%"
"11/11/2021","1,489.00","1,480.00","1,498.50","1,476.26","10.99K","-0.27%"
"11/10/2021","1,493.00","1,495.00","1,501.00","1,490.00","26.35K","-0.10%"
"11/09/2021","1,494.50","1,499.50","1,509.00","1,488.00","14.32K","-0.47%"
"11/08/2021","1,501.50","1,495.50","1,504.00","1,493.00","13.31K","0.47%"
"11/05/2021","1,494.50","1,485.00","1,496.00","1,481.00","14.81K","0.37%"
"11/04/2021","1,489.00","1,500.00","1,505.00","1,489.00","11.54K","0.13%"
"11/03/2021","1,487.00","1,494.00","1,501.50","1,487.00","22.34K","-2.17%"
"11/02/2021","1,520.00","1,524.00","1,531.00","1,506.00","16.84K","1.64%"
"11/01/2021","1,495.50","1,497.50","1,498.00","1,484.00","11.46K","0.17%"
"10/29/2021","1,493.00","1,498.00","1,498.50","1,483.50","16.07K","-1.87%"
"10/28/2021","1,521.50","1,513.50","1,525.00","1,509.00","9.97K","2.18%"
"10/27/2021","1,489.00","1,503.00","1,505.00","1,489.00","11.21K","-1.97%"
"10/26/2021","1,519.00","1,525.00","1,528.50","1,517.00","18.19K","1.00%"
"10/25/2021","1,504.00","1,509.50","1,509.50","1,488.00","26.73K","1.45%"
"10/22/2021","1,482.50","1,499.00","1,500.00","1,482.50","24.89K","-1.13%"
"10/21/2021","1,499.50","1,490.50","1,500.50","1,487.50","38.17K","-0.03%"
"10/20/2021","1,500.00","1,499.50","1,507.00","1,495.00","17.17K","-0.03%"
"10/19/2021","1,500.50","1,499.00","1,509.50","1,486.50","26.83K","1.11%"
"10/18/2021","1,484.00","1,481.00","1,487.50","1,470.00","12.47K","-0.10%"
"10/15/2021","1,485.50","1,492.00","1,492.00","1,475.00","24.32K","1.33%"
"10/14/2021","1,466.00","1,460.00","1,469.50","1,454.50","13.07K","1.17%"
"10/13/2021","1,449.00","1,450.00","1,456.00","1,441.50","20.83K","-0.58%"
"10/12/2021","1,457.50","1,440.00","1,459.00","1,421.00","28.53K","-2.87%"
"10/11/2021","1,500.50","1,511.00","1,511.00","1,486.00","10.99K","0.30%"
"10/08/2021","1,496.00","1,499.00","1,509.00","1,490.50","10.35K","-1.45%"
"10/07/2021","1,518.00","1,508.00","1,521.50","1,507.00","16.92K","2.33%"
"10/06/2021","1,483.50","1,500.00","1,504.00","1,477.00","30.28K","-3.54%"
"10/05/2021","1,538.00","1,520.00","1,539.00","1,516.00","16.24K","0.69%"
"10/04/2021","1,527.50","1,547.00","1,551.50","1,527.50","10.82K","-1.39%"
"10/01/2021","1,549.00","1,535.00","1,551.00","1,527.50","11.97K","-0.86%"
"09/30/2021","1,562.50","1,560.00","1,573.00","1,554.50","26.16K","-0.16%"
"09/29/2021","1,565.00","1,563.00","1,575.50","1,563.00","14.12K","-1.20%"
"09/28/2021","1,584.00","1,612.00","1,615.00","1,580.00","14.31K","-3.44%"
"09/27/2021","1,640.50","1,646.00","1,650.50","1,628.50","8.68K","0.52%"
"09/24/2021","1,632.00","1,644.50","1,644.50","1,619.50","8.34K","-1.30%"
"09/23/2021","1,653.50","1,641.50","1,664.50","1,639.00","22.93K","3.57%"
"09/22/2021","1,596.50","1,605.50","1,606.50","1,596.50","14.22K","0.73%"
"09/21/2021","1,585.00","1,590.00","1,601.00","1,581.00","11.93K","0.32%"
"09/20/2021","1,580.00","1,605.00","1,606.50","1,563.50","20.35K","-2.74%"
"09/17/2021","1,624.50","1,635.00","1,640.00","1,624.50","12.52K","0.37%"
"09/16/2021","1,618.50","1,626.00","1,630.50","1,612.00","8.28K","-1.34%"
"09/15/2021","1,640.50","1,650.00","1,655.00","1,640.00","8.11K","0.06%"
"09/14/2021","1,639.50","1,633.50","1,652.00","1,633.50","11.82K","0.43%"
"09/13/2021","1,632.50","1,621.00","1,636.50","1,616.00","14.65K","1.30%"
"09/10/2021","1,611.50","1,617.00","1,624.00","1,609.00","10.33K","-0.12%"
"09/09/2021","1,613.50","1,608.00","1,620.50","1,605.50","11.29K","-0.59%"
"09/08/2021","1,623.00","1,631.00","1,642.00","1,619.50","11.12K","-1.01%"
"09/07/2021","1,639.50","1,641.00","1,648.50","1,632.00","15.14K","-1.83%"
"09/06/2021","1,670.00","1,675.50","1,676.50","1,664.50","5.25K","0.72%"
"09/03/2021","1,658.00","1,658.00","1,663.00","1,648.50","7.91K","0.64%"
"09/02/2021","1,647.50","1,632.50","1,651.50","1,632.50","16.21K","-0.96%"
"09/01/2021","1,663.50","1,660.00","1,665.00","1,652.00","12.96K","1.71%"
"08/31/2021","1,635.50","1,660.00","1,660.00","1,635.50","23.74K","1.84%"
"08/27/2021","1,606.00","1,592.50","1,610.50","1,586.50","8.82K","0.63%"
"08/26/2021","1,596.00","1,594.50","1,600.50","1,590.50","8.63K","-1.39%"
"08/25/2021","1,618.50","1,614.00","1,619.00","1,608.50","16.99K","0.03%"
"08/24/2021","1,618.00","1,624.00","1,628.00","1,615.00","17.94K","2.73%"
"08/23/2021","1,575.00","1,558.00","1,579.00","1,556.50","10.68K","2.37%"
"08/20/2021","1,538.50","1,542.50","1,544.00","1,526.00","25.02K","-1.03%"
"08/19/2021","1,554.50","1,558.00","1,558.00","1,541.00","15.48K","-1.96%"
"08/18/2021","1,585.50","1,580.00","1,595.50","1,572.00","42.49K","0.99%"
"08/17/2021","1,570.00","1,566.00","1,578.00","1,562.00","32.57K","-0.66%"
"08/16/2021","1,580.50","1,575.00","1,587.00","1,573.00","18.73K","-0.97%"
"08/13/2021","1,596.00","1,577.00","1,596.00","1,574.00","41.68K","-2.59%"
"08/12/2021","1,638.50","1,653.50","1,654.50","1,625.00","55.10K","-3.30%"
"08/11/2021","1,694.50","1,703.00","1,704.00","1,687.50","21.96K","-2.33%"
"08/10/2021","1,735.00","1,750.00","1,752.00","1,727.50","10.36K","-3.29%"
"08/09/2021","1,794.00","1,784.00","1,796.50","1,780.00","13.62K","1.18%"
"08/06/2021","1,773.00","1,787.50","1,788.00","1,768.00","9.54K","-1.47%"
"08/05/2021","1,799.50","1,801.00","1,803.00","1,791.50","13.18K","-0.77%"
"08/04/2021","1,813.50","1,811.00","1,824.50","1,806.50","16.64K","2.28%"
"08/03/2021","1,773.00","1,772.00","1,786.00","1,766.00","15.99K","2.66%"
"08/02/2021","1,727.00","1,722.50","1,729.00","1,719.50","9.63K","0.61%"
"07/30/2021","1,716.50","1,712.00","1,721.00","1,706.50","16.19K","-1.35%"
"07/29/2021","1,740.00","1,726.00","1,742.50","1,721.00","20.44K","1.64%"
"07/28/2021","1,712.00","1,710.00","1,713.50","1,705.50","8.10K","1.24%"
"07/27/2021","1,691.00","1,705.00","1,705.00","1,688.00","15.56K","-1.69%"
"07/26/2021","1,720.00","1,712.00","1,722.00","1,701.00","14.89K","0.38%"
"07/23/2021","1,713.50","1,728.00","1,731.00","1,711.00","11.92K","-1.13%"
"07/22/2021","1,733.00","1,738.00","1,742.50","1,732.50","16.89K","0.70%"
"07/21/2021","1,721.00","1,710.00","1,722.50","1,706.50","24.05K","0.09%"
"07/20/2021","1,719.50","1,710.00","1,732.50","1,706.00","20.85K","1.33%"
"07/19/2021","1,697.00","1,727.00","1,727.50","1,691.50","17.63K","-2.58%"
"07/16/2021","1,742.00","1,754.00","1,754.50","1,738.50","9.32K","-1.50%"
"07/15/2021","1,768.50","1,770.00","1,770.00","1,754.00","25.25K","1.64%"
"07/14/2021","1,740.00","1,731.50","1,744.00","1,730.00","16.42K","-0.23%"
"07/13/2021","1,744.00","1,749.00","1,749.50","1,736.00","14.98K","-0.37%"
"07/12/2021","1,750.50","1,757.50","1,757.50","1,740.00","21.12K","-0.34%"
"07/09/2021","1,756.50","1,719.50","1,760.50","1,719.50","25.03K","1.39%"
"07/08/2021","1,732.50","1,750.00","1,751.50","1,721.50","25.03K","-2.56%"
"07/07/2021","1,778.00","1,784.00","1,788.50","1,769.50","17.33K","-1.17%"
"07/06/2021","1,799.00","1,796.50","1,805.50","1,787.00","21.62K","1.27%"
"07/05/2021","1,776.50","1,779.00","1,779.00","1,771.00","2.81K","0.25%"
"07/02/2021","1,772.00","1,768.00","1,777.00","1,764.00","14.48K","0.17%"
"07/01/2021","1,769.00","1,772.00","1,775.00","1,763.00","11.20K","-0.81%"
"06/30/2021","1,783.50","1,797.50","1,797.50","1,775.50","12.92K","-0.06%"
"06/29/2021","1,784.50","1,790.00","1,795.00","1,781.00","11.25K","-1.11%"
"06/28/2021","1,804.50","1,816.00","1,816.00","1,798.50","12.93K","-0.52%"
"06/25/2021","1,814.00","1,808.00","1,817.50","1,802.00","17.45K","1.26%"
"06/24/2021","1,791.50","1,788.00","1,794.00","1,783.50","23.34K","1.88%"
"06/23/2021","1,758.50","1,765.00","1,767.00","1,754.00","11.27K","-0.37%"
"06/22/2021","1,765.00","1,771.50","1,776.50","1,761.00","17.40K","0.14%"
"06/21/2021","1,762.50","1,761.00","1,776.50","1,750.50","17.94K","-0.20%"
"06/18/2021","1,766.00","1,784.00","1,785.50","1,759.50","18.67K","-1.29%"
"06/17/2021","1,789.00","1,796.50","1,800.50","1,784.50","30.95K","-2.77%"
"06/16/2021","1,840.00","1,839.00","1,843.00","1,834.00","31.80K","0.71%"
"06/15/2021","1,827.00","1,815.00","1,830.50","1,810.50","41.55K","0.72%"
"06/14/2021","1,814.00","1,809.00","1,814.00","1,801.00","12.81K","-0.17%"
"06/11/2021","1,817.00","1,826.00","1,828.50","1,815.00","18.56K","-0.49%"
"06/10/2021","1,826.00","1,809.50","1,829.50","1,807.00","25.58K","0.27%"
"06/09/2021","1,821.00","1,824.00","1,826.00","1,816.50","11.41K","-0.68%"
"06/08/2021","1,833.50","1,835.00","1,844.00","1,827.50","19.30K","-0.22%"
"06/07/2021","1,837.50","1,849.00","1,850.50","1,834.00","7.39K","-1.45%"
"06/04/2021","1,864.50","1,844.00","1,864.50","1,834.50","12.51K","1.00%"
"06/03/2021","1,846.00","1,850.00","1,862.50","1,830.50","20.47K","1.51%"
"06/02/2021","1,818.50","1,814.00","1,832.00","1,807.00","10.39K","-0.22%"
"06/01/2021","1,822.50","1,828.00","1,834.50","1,820.00","14.21K","0.80%"
"05/28/2021","1,808.00","1,795.50","1,809.50","1,793.00","9.52K","1.49%"
"05/27/2021","1,781.50","1,781.00","1,785.50","1,774.50","14.63K","-0.81%"
"05/26/2021","1,796.00","1,782.50","1,803.00","1,780.00","22.11K","0.93%"
"05/25/2021","1,779.50","1,784.50","1,788.50","1,775.50","12.60K","-0.14%"
"05/24/2021","1,782.00","1,775.00","1,783.00","1,770.00","6.49K","0.00%"
"05/21/2021","1,782.00","1,780.00","1,787.50","1,771.00","12.72K","-0.45%"
"05/20/2021","1,790.00","1,759.50","1,790.00","1,752.50","18.74K","2.11%"
"05/19/2021","1,753.00","1,755.00","1,755.00","1,741.00","13.32K","-0.57%"
"05/18/2021","1,763.00","1,768.50","1,768.50","1,753.50","12.12K","0.34%"
"05/17/2021","1,757.00","1,754.00","1,762.50","1,747.00","10.57K","-1.46%"
"05/14/2021","1,783.00","1,780.00","1,787.00","1,752.00","13.61K","2.41%"
"05/13/2021","1,741.00","1,732.50","1,752.00","1,718.00","26.75K","-0.17%"
"05/12/2021","1,744.00","1,779.50","1,783.00","1,743.00","23.87K","-3.06%"
"05/11/2021","1,799.00","1,820.00","1,823.50","1,785.50","28.18K","-3.02%"
"05/10/2021","1,855.00","1,870.00","1,880.00","1,852.50","14.47K","0.08%"
"05/07/2021","1,853.50","1,825.50","1,860.50","1,822.00","7.76K","1.76%"
"05/06/2021","1,821.50","1,820.00","1,827.50","1,814.00","17.97K","-0.84%"
"05/05/2021","1,837.00","1,826.00","1,844.00","1,820.00","15.84K","1.16%"
"05/04/2021","1,816.00","1,847.00","1,849.50","1,812.50","17.01K","-0.27%"
"04/30/2021","1,821.00","1,838.50","1,840.00","1,816.50","12.66K","-1.51%"
"04/29/2021","1,849.00","1,848.00","1,857.50","1,838.50","11.57K","-0.91%"
"04/28/2021","1,866.00","1,848.00","1,867.00","1,839.00","17.41K","-0.03%"
"04/27/2021","1,866.50","1,873.00","1,873.00","1,860.50","16.88K","-1.19%"
"04/26/2021","1,889.00","1,875.00","1,893.00","1,867.00","13.47K","1.21%"
"04/23/2021","1,866.50","1,851.50","1,867.50","1,850.00","11.00K","1.03%"
"04/22/2021","1,847.50","1,850.00","1,851.00","1,835.50","12.86K","0.08%"
"04/21/2021","1,846.00","1,852.00","1,857.50","1,839.50","20.55K","-0.91%"
"04/20/2021","1,863.00","1,882.00","1,883.50","1,863.00","12.51K","0.54%"
"04/19/2021","1,853.00","1,865.50","1,875.00","1,853.00","11.42K","-1.41%"
"04/16/2021","1,879.50","1,873.00","1,890.50","1,868.50","13.85K","-0.29%"
"04/15/2021","1,885.00","1,889.00","1,893.50","1,877.50","8.09K","-0.34%"
"04/14/2021","1,891.50","1,884.00","1,898.00","1,880.50","11.86K","0.19%"
"04/13/2021","1,888.00","1,858.00","1,890.00","1,852.50","41.22K","2.11%"
"04/12/2021","1,849.00","1,850.00","1,853.00","1,844.50","9.18K","-0.70%"
"04/09/2021","1,862.00","1,870.00","1,870.00","1,850.00","9.58K","-1.17%"
"04/08/2021","1,884.00","1,906.50","1,909.50","1,882.00","20.28K","-1.36%"
"04/07/2021","1,910.00","1,923.00","1,925.00","1,900.00","13.48K","-0.75%"
"04/06/2021","1,924.50","1,918.50","1,932.50","1,911.00","17.57K","3.69%"
"04/01/2021","1,856.00","1,830.00","1,860.00","1,830.00","24.29K","1.75%"
"03/31/2021","1,824.00","1,811.00","1,825.00","1,806.00","11.72K","0.44%"
"03/30/2021","1,816.00","1,818.00","1,818.00","1,802.00","11.26K","1.17%"
"03/29/2021","1,795.00","1,799.00","1,812.00","1,792.00","9.74K","-0.88%"
"03/26/2021","1,811.00","1,796.00","1,811.00","1,793.00","9.41K","1.40%"
"03/25/2021","1,786.00","1,796.00","1,799.00","1,774.00","12.78K","-0.61%"
"03/24/2021","1,797.00","1,794.00","1,800.00","1,784.00","12.67K","-0.66%"
"03/23/2021","1,809.00","1,808.00","1,812.00","1,798.00","11.71K","-0.88%"
"03/22/2021","1,825.00","1,801.00","1,827.00","1,801.00","13.93K","0.94%"
"03/19/2021","1,808.00","1,830.00","1,830.00","1,806.00","18.04K","-1.15%"
"03/18/2021","1,829.00","1,840.00","1,841.00","1,820.00","14.42K","-0.22%"
"03/17/2021","1,833.00","1,825.00","1,846.00","1,818.00","14.62K","-0.38%"
"03/16/2021","1,840.00","1,835.00","1,844.00","1,824.00","18.43K","1.32%"
"03/15/2021","1,816.00","1,815.00","1,817.00","1,802.00","16.55K","0.17%"
"03/12/2021","1,813.00","1,828.00","1,828.00","1,812.00","20.09K","-0.87%"
"03/11/2021","1,829.00","1,821.00","1,829.00","1,811.00","13.64K","3.33%"
"03/10/2021","1,770.00","1,780.00","1,786.00","1,764.00","25.21K","-2.48%"
"03/09/2021","1,815.00","1,775.00","1,822.00","1,775.00","28.19K","1.17%"
"03/08/2021","1,794.00","1,795.00","1,802.00","1,779.00","17.89K","0.28%"
"03/05/2021","1,789.00","1,811.00","1,830.00","1,782.00","17.63K","-2.24%"
"03/04/2021","1,830.00","1,832.00","1,843.00","1,815.00","13.84K","-1.61%"
"03/03/2021","1,860.00","1,884.00","1,884.00","1,849.00","14.45K","-0.64%"
"03/02/2021","1,872.00","1,863.00","1,890.00","1,862.00","39.38K","-1.78%"
"03/01/2021","1,906.00","1,890.00","1,910.00","1,875.00","28.19K","3.03%"
"02/26/2021","1,850.00","1,844.00","1,856.00","1,835.00","45.72K","-3.19%"
"02/25/2021","1,911.00","1,926.00","1,926.00","1,911.00","42.89K","3.13%"
"02/24/2021","1,853.00","1,847.00","1,860.00","1,841.00","21.31K","-0.11%"
"02/23/2021","1,855.00","1,873.00","1,874.00","1,823.00","64.27K","-0.86%"
"02/22/2021","1,871.00","1,857.00","1,892.00","1,841.00","49.46K","-1.21%"
"02/19/2021","1,894.00","1,870.00","1,894.00","1,869.00","11.80K","2.49%"
"02/18/2021","1,848.00","1,855.00","1,858.00","1,833.00","14.45K","-0.81%"
"02/17/2021","1,863.00","1,880.00","1,885.00","1,863.00","20.23K","-2.66%"
"02/16/2021","1,914.00","1,928.00","1,933.00","1,914.00","13.14K","-0.36%"
"02/15/2021","1,921.00","1,924.00","1,924.00","1,914.00","14.82K","1.59%"
"02/12/2021","1,891.00","1,877.00","1,897.00","1,876.00","18.46K","0.11%"
"02/11/2021","1,889.00","1,865.00","1,899.00","1,853.00","18.39K","1.83%"
"02/10/2021","1,855.00","1,856.00","1,865.00","1,842.00","13.12K","0.11%"
"02/09/2021","1,853.00","1,860.00","1,860.00","1,839.00","24.06K","-0.59%"
"02/08/2021","1,864.00","1,855.00","1,874.00","1,846.00","18.94K","-0.53%"
"02/05/2021","1,874.00","1,860.00","1,874.00","1,856.00","20.79K","1.08%"
"02/04/2021","1,854.00","1,848.00","1,854.00","1,837.00","11.80K","-2.06%"
"02/03/2021","1,893.00","1,903.00","1,905.00","1,885.00","16.06K","-0.37%"
"02/02/2021","1,900.00","1,887.00","1,903.00","1,887.00","17.65K","2.21%"
"02/01/2021","1,859.00","1,855.00","1,866.00","1,847.00","16.53K","1.03%"
"01/29/2021","1,840.00","1,832.00","1,851.00","1,826.00","20.52K","-3.21%"
"01/28/2021","1,901.00","1,853.00","1,901.00","1,839.00","26.98K","-0.47%"
"01/27/2021","1,910.00","1,934.00","1,937.00","1,892.00","27.06K","-2.50%"
"01/26/2021","1,959.00","1,962.00","1,968.00","1,944.00","29.07K","-1.90%"
"01/25/2021","1,997.00","2,024.00","2,024.00","1,989.00","43.10K","1.78%"
"01/22/2021","1,962.00","1,972.00","1,982.00","1,962.00","18.17K","-3.54%"
"01/21/2021","2,034.00","1,999.00","2,044.00","1,999.00","28.67K","2.78%"
"01/20/2021","1,979.00","1,983.00","1,991.00","1,967.00","21.57K","0.25%"
"01/19/2021","1,974.00","1,972.00","1,979.00","1,958.00","22.07K","3.24%"
"01/18/2021","1,912.00","1,910.00","1,923.00","1,906.00","38.19K","-4.69%"
"01/15/2021","2,006.00","2,004.00","2,006.00","1,981.00","39.00K","-2.81%"
"01/14/2021","2,064.00","2,026.00","2,064.00","2,024.00","22.06K","2.58%"
"01/13/2021","2,012.00","2,036.00","2,036.00","2,002.00","34.96K","-1.95%"
"01/12/2021","2,052.00","2,052.00","2,052.00","2,032.00","40.66K","-0.29%"
"01/11/2021","2,058.00","2,054.00","2,070.00","2,042.00","32.70K","2.08%"
"01/08/2021","2,016.00","2,020.00","2,030.00","2,008.00","51.22K","5.38%"
"01/07/2021","1,913.00","1,900.00","1,913.00","1,887.00","32.80K","1.70%"
"01/06/2021","1,881.00","1,884.00","1,888.00","1,870.00","36.50K","-1.36%"
"01/05/2021","1,907.00","1,906.00","1,923.00","1,901.00","47.33K","0.63%"
"01/04/2021","1,895.00","1,913.00","1,927.00","1,893.00","33.05K","3.84%"
"12/31/2020","1,825.00","1,825.00","1,843.00","1,800.00","18.83K","-1.19%"
"12/30/2020","1,847.00","1,860.00","1,860.00","1,847.00","29.92K","2.38%"
"12/29/2020","1,804.00","1,786.00","1,814.00","1,786.00","45.12K","2.56%"
"12/24/2020","1,759.00","1,762.00","1,763.00","1,752.00","3.90K","5.46%"
"12/23/2020","1,668.00","1,666.00","1,673.00","1,662.00","8.91K","1.52%"
"12/22/2020","1,643.00","1,630.00","1,650.00","1,629.00","16.21K","0.74%"
"12/21/2020","1,631.00","1,629.00","1,642.00","1,605.00","21.76K","-0.91%"
"12/18/2020","1,646.00","1,668.00","1,671.00","1,639.00","44.33K","-1.91%"
"12/17/2020","1,678.00","1,690.00","1,690.00","1,678.00","18.63K","-0.71%"
"12/16/2020","1,690.00","1,690.00","1,695.00","1,682.00","15.92K","-0.29%"
"12/15/2020","1,695.00","1,689.00","1,695.00","1,684.00","19.30K","0.53%"
"12/14/2020","1,686.00","1,691.00","1,692.00","1,677.00","21.78K","0.96%"
"12/11/2020","1,670.00","1,681.00","1,685.00","1,667.00","10.54K","-1.07%"
"12/10/2020","1,688.00","1,676.00","1,692.00","1,671.00","19.75K","-0.18%"
"12/09/2020","1,691.00","1,700.00","1,707.00","1,686.00","24.66K","2.30%"
"12/08/2020","1,653.00","1,655.00","1,656.00","1,644.00","13.38K","-1.90%"
"12/07/2020","1,685.00","1,685.00","1,689.00","1,663.00","13.09K","1.44%"
"12/04/2020","1,661.00","1,641.00","1,663.00","1,636.00","49.07K","4.14%"
"12/03/2020","1,595.00","1,599.00","1,604.00","1,588.00","25.95K","0.57%"
"12/02/2020","1,586.00","1,571.00","1,589.00","1,570.00","26.68K","2.72%"
"12/01/2020","1,544.00","1,535.00","1,544.00","1,530.00","15.16K","1.98%"
"11/30/2020","1,514.00","1,514.00","1,524.00","1,511.00","20.13K","-2.57%"
"11/27/2020","1,554.00","1,552.00","1,556.00","1,541.00","10.42K","0.26%"
"11/26/2020","1,550.00","1,538.00","1,553.00","1,538.00","23.10K","2.45%"
"11/25/2020","1,513.00","1,500.00","1,515.00","1,495.00","17.80K","-0.79%"
"11/24/2020","1,525.00","1,523.00","1,534.00","1,522.00","19.19K","0.73%"
"11/23/2020","1,514.00","1,516.00","1,522.00","1,510.00","19.22K","4.41%"
"11/20/2020","1,450.00","1,454.00","1,459.00","1,450.00","16.94K","-0.14%"
"11/19/2020","1,452.00","1,453.00","1,455.00","1,438.00","18.27K","-1.16%"
"11/18/2020","1,469.00","1,463.00","1,475.00","1,460.00","18.43K","-0.94%"
"11/17/2020","1,483.00","1,493.00","1,493.00","1,478.00","27.83K","-1.07%"
"11/16/2020","1,499.00","1,499.00","1,503.00","1,486.00","35.14K","5.27%"
"11/13/2020","1,424.00","1,413.00","1,428.00","1,413.00","21.26K","3.04%"
"11/12/2020","1,382.00","1,376.00","1,390.00","1,373.00","34.09K","-0.22%"
"11/11/2020","1,385.00","1,376.00","1,386.00","1,372.00","21.75K","2.21%"
"11/10/2020","1,355.00","1,346.00","1,360.00","1,345.00","23.38K","-0.81%"
"11/09/2020","1,366.00","1,348.00","1,379.00","1,346.00","32.62K","1.49%"
"11/06/2020","1,346.00","1,347.00","1,350.00","1,336.00","21.68K","-0.44%"
"11/05/2020","1,352.00","1,334.00","1,360.00","1,331.00","32.28K","3.21%"
"11/04/2020","1,310.00","1,280.00","1,314.00","1,276.00","22.47K","0.15%"
"11/03/2020","1,308.00","1,296.00","1,308.00","1,296.00","11.28K","2.99%"
"11/02/2020","1,270.00","1,260.00","1,281.00","1,260.00","16.99K","0.55%"
"10/30/2020","1,263.00","1,257.00","1,268.00","1,248.00","23.83K","-1.25%"
"10/29/2020","1,279.00","1,280.00","1,282.00","1,265.00","21.18K","-0.23%"
"10/28/2020","1,282.00","1,302.00","1,303.00","1,267.00","38.98K","-3.61%"
"10/27/2020","1,330.00","1,323.00","1,332.00","1,320.00","25.29K","0.08%"
"10/26/2020","1,329.00","1,333.00","1,341.00","1,329.00","14.64K","-0.89%"
"10/23/2020","1,341.00","1,329.00","1,347.00","1,328.00","24.45K","1.06%"
"10/22/2020","1,327.00","1,325.00","1,333.00","1,318.00","12.70K","-1.34%"
"10/21/2020","1,345.00","1,350.00","1,350.00","1,337.00","14.39K","0.60%"
"10/20/2020","1,337.00","1,342.00","1,342.00","1,331.00","12.51K","1.75%"
"10/19/2020","1,314.00","1,305.00","1,318.00","1,305.00","11.87K","0.92%"
"10/16/2020","1,302.00","1,298.00","1,307.00","1,296.00","14.01K","0.15%"
"10/15/2020","1,300.00","1,320.00","1,321.00","1,296.00","25.17K","-2.33%"
"10/14/2020","1,331.00","1,332.00","1,335.00","1,327.00","17.48K","0.08%"
"10/13/2020","1,330.00","1,330.00","1,337.00","1,326.00","16.84K","0.15%"
"10/12/2020","1,328.00","1,321.00","1,333.00","1,318.00","24.27K","0.76%"
"10/09/2020","1,318.00","1,304.00","1,321.00","1,304.00","23.69K","1.38%"
"10/08/2020","1,300.00","1,301.00","1,304.00","1,291.00","39.22K","0.15%"
"10/07/2020","1,298.00","1,288.00","1,303.00","1,288.00","21.43K","1.56%"
"10/06/2020","1,278.00","1,277.00","1,283.00","1,270.00","15.23K","-0.31%"
"10/05/2020","1,282.00","1,268.00","1,287.00","1,265.00","19.57K","0.79%"
"10/02/2020","1,272.00","1,260.00","1,273.00","1,258.00","10.71K","-0.31%"
"10/01/2020","1,276.00","1,278.00","1,283.00","1,272.00","12.21K","0.71%"
"09/30/2020","1,267.00","1,248.00","1,270.00","1,244.00","30.53K","1.04%"
"09/29/2020","1,254.00","1,249.00","1,260.00","1,242.00","17.60K","-0.32%"
"09/28/2020","1,258.00","1,247.00","1,266.00","1,246.00","24.72K","1.70%"
"09/25/2020","1,237.00","1,230.00","1,243.00","1,229.00","39.42K","0.00%"
"09/24/2020","1,237.00","1,235.00","1,240.00","1,222.00","14.60K","-1.59%"
"09/23/2020","1,257.00","1,257.00","1,267.00","1,252.00","16.29K","1.05%"
"09/22/2020","1,244.00","1,247.00","1,261.00","1,228.00","18.43K","-0.72%"
"09/21/2020","1,253.00","1,278.00","1,280.00","1,248.00","15.78K","-1.10%"
"09/18/2020","1,267.00","1,280.00","1,284.00","1,267.00","23.53K","-1.09%"
"09/17/2020","1,281.00","1,275.00","1,283.00","1,268.00","25.88K","-2.06%"
"09/16/2020","1,308.00","1,299.00","1,308.00","1,295.00","17.41K","0.62%"
"09/15/2020","1,300.00","1,290.00","1,300.00","1,289.00","20.68K","1.48%"
"09/14/2020","1,281.00","1,276.00","1,286.00","1,272.00","20.69K","2.97%"
"09/11/2020","1,244.00","1,240.00","1,251.00","1,239.00","12.79K","0.16%"
"09/10/2020","1,242.00","1,250.00","1,252.00","1,241.00","17.39K","0.16%"
"09/09/2020","1,240.00","1,232.00","1,247.00","1,229.00","30.02K","1.47%"
"09/08/2020","1,222.00","1,234.00","1,239.00","1,215.00","33.80K","2.35%"
"09/07/2020","1,194.00","1,184.00","1,198.00","1,181.00","16.17K","3.11%"
"09/04/2020","1,158.00","1,160.00","1,181.00","1,151.00","32.86K","-1.19%"
"09/03/2020","1,172.00","1,190.00","1,197.00","1,169.00","53.07K","2.00%"
"09/02/2020","1,149.00","1,150.00","1,157.00","1,146.00","34.81K","-0.35%"
"09/01/2020","1,153.00","1,152.00","1,158.00","1,145.00","55.47K","-2.04%"
"08/28/2020","1,177.00","1,178.00","1,179.00","1,171.00","18.22K","-0.08%"
"08/27/2020","1,178.00","1,180.00","1,188.00","1,175.00","24.79K","-1.26%"
"08/26/2020","1,193.00","1,189.00","1,195.00","1,186.00","14.09K","-0.17%"
"08/25/2020","1,195.00","1,196.00","1,198.00","1,191.00","16.24K","0.67%"
"08/24/2020","1,187.00","1,176.00","1,194.00","1,175.00","14.21K","0.76%"
"08/21/2020","1,178.00","1,182.00","1,184.00","1,169.00","20.41K","-0.08%"
"08/20/2020","1,179.00","1,174.00","1,180.00","1,164.00","25.09K","-3.91%"
"08/19/2020","1,227.00","1,228.00","1,228.00","1,219.00","10.97K","-0.49%"
"08/18/2020","1,233.00","1,236.00","1,242.00","1,229.00","13.29K","-0.16%"
"08/17/2020","1,235.00","1,224.00","1,241.00","1,223.00","17.45K","1.23%"
"08/14/2020","1,220.00","1,229.00","1,229.00","1,210.00","18.16K","-1.37%"
"08/13/2020","1,237.00","1,245.00","1,245.00","1,236.00","21.55K","-1.90%"
"08/12/2020","1,261.00","1,240.00","1,261.00","1,240.00","23.37K","1.94%"
"08/11/2020","1,237.00","1,225.00","1,239.00","1,220.00","34.09K","1.39%"
"08/10/2020","1,220.00","1,223.00","1,232.00","1,220.00","17.30K","-0.08%"
"08/07/2020","1,221.00","1,218.00","1,225.00","1,215.00","36.24K","-0.08%"
"08/06/2020","1,222.00","1,230.00","1,232.00","1,220.00","19.52K","0.83%"
"08/05/2020","1,212.00","1,200.00","1,214.00","1,199.00","15.49K","0.58%"
"08/04/2020","1,205.00","1,204.00","1,206.00","1,197.00","24.49K","0.58%"
"08/03/2020","1,198.00","1,197.00","1,200.00","1,187.00","17.57K","-0.66%"
"07/31/2020","1,206.00","1,220.00","1,222.00","1,202.00","14.94K","-1.15%"
"07/30/2020","1,220.00","1,239.00","1,239.00","1,215.00","14.09K","-1.37%"
"07/29/2020","1,237.00","1,238.00","1,244.00","1,233.00","31.56K","1.31%"
"07/28/2020","1,221.00","1,212.00","1,224.00","1,210.00","34.38K","4.27%"
"07/27/2020","1,171.00","1,159.00","1,179.00","1,158.00","19.98K","3.08%"
"07/24/2020","1,136.00","1,128.00","1,137.00","1,121.00","17.56K","0.26%"
"07/23/2020","1,133.00","1,137.00","1,138.00","1,125.71","21.57K","-0.79%"
"07/22/2020","1,142.00","1,153.00","1,153.00","1,138.00","14.92K","-1.72%"
"07/21/2020","1,162.00","1,153.00","1,164.00","1,149.00","22.92K","2.29%"
"07/20/2020","1,136.00","1,132.00","1,143.00","1,129.00","17.59K","-0.18%"
"07/17/2020","1,138.00","1,132.00","1,147.00","1,132.00","27.51K","1.16%"
"07/16/2020","1,125.00","1,120.00","1,129.00","1,115.00","16.28K","-1.06%"
"07/15/2020","1,137.00","1,140.00","1,149.00","1,131.00","18.52K","1.70%"
"07/14/2020","1,118.00","1,112.00","1,119.00","1,105.00","19.00K","-0.36%"
"07/13/2020","1,122.00","1,115.00","1,123.00","1,110.00","14.81K","2.19%"
"07/10/2020","1,098.00","1,091.00","1,101.00","1,090.00","17.77K","-0.09%"
"07/09/2020","1,099.00","1,111.00","1,119.00","1,097.00","26.31K","-1.26%"
"07/08/2020","1,113.00","1,111.00","1,116.00","1,105.00","16.62K","-1.33%"
"07/07/2020","1,128.00","1,114.00","1,131.00","1,111.00","25.71K","-2.17%"
"07/06/2020","1,153.00","1,146.00","1,156.00","1,137.00","41.74K","3.78%"
"07/03/2020","1,111.00","1,114.00","1,117.00","1,109.00","2.50K","0.09%"
"07/02/2020","1,110.00","1,103.00","1,120.00","1,100.00","22.70K","0.54%"
"07/01/2020","1,104.00","1,098.00","1,108.00","1,086.00","31.25K","0.09%"
"06/30/2020","1,103.00","1,098.00","1,107.00","1,096.00","17.36K","1.19%"
"06/29/2020","1,090.00","1,092.00","1,099.00","1,086.00","19.37K","-0.55%"
"06/26/2020","1,096.00","1,105.00","1,114.00","1,095.00","18.17K","1.48%"
"06/25/2020","1,080.00","1,080.00","1,092.00","1,074.00","25.57K","0.00%"
"06/24/2020","1,080.00","1,109.00","1,109.00","1,076.00","14.76K","0.28%"
"06/23/2020","1,077.00","1,072.00","1,090.00","1,070.00","38.09K","-0.46%"
"06/22/2020","1,082.00","1,076.00","1,083.00","1,074.00","11.30K","-1.10%"
"06/19/2020","1,094.00","1,094.00","1,099.00","1,091.00","24.22K","0.55%"
"06/18/2020","1,088.00","1,083.00","1,095.00","1,078.00","23.05K","1.02%"
"06/17/2020","1,077.00","1,069.00","1,084.00","1,069.00","18.91K","0.47%"
"06/16/2020","1,072.00","1,073.00","1,084.00","1,057.00","32.87K","2.78%"
"06/15/2020","1,043.00","1,050.00","1,051.00","1,028.00","40.59K","-4.40%"
"06/12/2020","1,091.00","1,086.00","1,107.00","1,078.00","28.93K","-2.06%"
"06/11/2020","1,114.00","1,132.00","1,134.00","1,111.00","21.16K","-3.55%"
"06/10/2020","1,155.00","1,162.00","1,167.00","1,151.00","22.03K","0.61%"
"06/09/2020","1,148.00","1,155.00","1,157.00","1,138.00","13.53K","-0.17%"
"06/08/2020","1,150.00","1,142.00","1,152.00","1,135.00","21.19K","-1.79%"
"06/05/2020","1,171.00","1,150.00","1,174.00","1,148.00","30.97K","3.81%"
"06/04/2020","1,128.00","1,127.00","1,128.00","1,116.00","26.18K","-0.27%"
"06/03/2020","1,131.00","1,118.00","1,142.00","1,110.00","36.78K","6.30%"
"06/02/2020","1,064.00","1,055.00","1,071.00","1,051.00","27.38K","2.01%"
"06/01/2020","1,043.00","1,048.00","1,049.00","1,038.00","8.48K","1.76%"
"05/29/2020","1,025.00","1,020.00","1,029.00","1,018.00","34.06K","0.49%"
"05/28/2020","1,020.00","1,018.00","1,026.00","1,015.00","26.47K","0.69%"
"05/27/2020","1,013.00","1,011.00","1,015.00","1,002.00","48.09K","1.66%"
"05/26/2020","996.50","999.50","1,007.00","995.50","30.18K","1.01%"
"05/22/2020","986.50","988.00","992.00","982.50","24.67K","-2.52%"
"05/21/2020","1,012.00","1,023.00","1,023.00","1,009.00","22.80K","-3.25%"
"05/20/2020","1,046.00","1,021.00","1,047.00","1,017.00","33.99K","1.45%"
"05/19/2020","1,031.00","1,031.00","1,038.00","1,025.00","32.16K","1.88%"
"05/18/2020","1,012.00","990.50","1,017.00","987.50","16.33K","4.44%"
"05/15/2020","969.00","974.00","979.00","963.00","17.42K","-0.87%"
"05/14/2020","977.50","978.50","982.00","962.50","19.93K","-1.31%"
"05/13/2020","990.50","986.00","1,001.00","982.00","30.35K","0.92%"
"05/12/2020","981.50","982.00","987.00","975.50","11.91K","-0.71%"
"05/11/2020","988.50","992.00","997.50","977.50","27.81K","-1.10%"
"05/07/2020","999.50","992.00","1,005.00","990.00","23.04K","0.76%"
"05/06/2020","992.00","1,011.00","1,012.00","987.00","26.47K","-1.39%"
"05/05/2020","1,006.00","1,003.00","1,007.00","993.50","25.83K","2.29%"
"05/04/2020","983.50","985.00","994.00","980.50","19.94K","-1.94%"
"05/01/2020","1,003.00","1,010.00","1,010.00","997.50","6.67K","-3.84%"
"04/30/2020","1,043.00","1,046.00","1,066.00","1,040.00","38.69K","0.29%"
"04/29/2020","1,040.00","1,023.00","1,043.00","1,019.00","29.00K","1.46%"
"04/28/2020","1,025.00","1,015.00","1,038.00","1,012.00","15.13K","0.00%"
"04/27/2020","1,025.00","1,016.00","1,025.00","1,013.00","13.66K","1.99%"
"04/24/2020","1,005.00","999.00","1,011.00","998.00","14.35K","-1.28%"
"04/23/2020","1,018.00","1,008.00","1,025.00","1,006.00","13.53K","0.39%"
"04/22/2020","1,014.00","1,006.00","1,022.00","1,006.00","17.10K","3.68%"
"04/21/2020","978.00","1,005.00","1,010.00","975.00","30.28K","-4.77%"
"04/20/2020","1,027.00","1,027.00","1,035.00","1,022.00","20.47K","-2.19%"
"04/17/2020","1,050.00","1,049.00","1,063.00","1,048.00","26.93K","3.86%"
"04/16/2020","1,011.00","1,005.00","1,013.00","999.00","27.04K","1.46%"
"04/15/2020","996.50","1,029.00","1,031.00","981.50","36.92K","-2.88%"
"04/14/2020","1,026.00","1,018.00","1,032.00","1,013.00","31.41K","0.79%"
"04/09/2020","1,018.00","1,015.00","1,028.00","1,006.00","26.92K","-0.88%"
"04/08/2020","1,027.00","1,002.00","1,032.00","1,000.00","20.53K","-1.06%"
"04/07/2020","1,038.00","1,019.00","1,058.00","1,015.00","27.72K","4.53%"
"04/06/2020","993.00","984.00","998.00","980.00","21.33K","4.80%"
"04/03/2020","947.50","958.00","969.00","946.00","13.58K","-1.10%"
"04/02/2020","958.00","957.00","965.00","931.50","17.00K","3.57%"
"04/01/2020","925.00","944.50","946.00","918.00","27.49K","-6.85%"
"03/31/2020","993.00","982.00","996.00","965.00","27.28K","1.33%"
"03/30/2020","980.00","975.50","983.50","946.00","28.60K","2.94%"
"03/27/2020","952.00","985.50","993.50","946.50","40.48K","-6.39%"
"03/26/2020","1,017.00","970.00","1,028.00","963.00","26.47K","1.40%"
"03/25/2020","1,003.00","997.00","1,010.00","969.50","25.38K","3.56%"
"03/24/2020","968.50","934.00","968.50","930.50","30.10K","13.81%"
"03/23/2020","851.00","828.50","877.00","826.50","37.96K","-2.18%"
"03/20/2020","870.00","919.00","933.00","870.00","42.39K","0.00%"
"03/19/2020","870.00","855.00","880.00","832.00","49.25K","-2.25%"
"03/18/2020","890.00","900.00","907.50","871.50","165.84K","-5.97%"
"03/17/2020","946.50","952.00","956.00","901.50","71.24K","-1.35%"
"03/16/2020","959.50","979.00","990.50","918.00","44.58K","-8.18%"
"03/13/2020","1,045.00","1,039.00","1,073.00","1,029.00","48.58K","7.62%"
"03/12/2020","971.00","1,045.00","1,046.00","960.00","78.34K","-11.24%"
"03/11/2020","1,094.00","1,084.00","1,101.00","1,079.00","26.70K","-2.67%"
"03/10/2020","1,124.00","1,131.00","1,148.00","1,123.00","47.59K","2.46%"
"03/09/2020","1,097.00","1,100.00","1,110.00","974.50","46.19K","-5.43%"
"03/06/2020","1,160.00","1,174.00","1,185.00","1,145.00","31.02K","-2.93%"
"03/05/2020","1,195.00","1,212.00","1,218.00","1,185.00","18.94K","-0.50%"
"03/04/2020","1,201.00","1,200.00","1,215.00","1,195.00","28.17K","3.09%"
"03/03/2020","1,165.00","1,166.00","1,187.00","1,155.00","22.91K","1.13%"
"03/02/2020","1,152.00","1,155.00","1,166.00","1,131.00","28.66K","3.23%"
"02/28/2020","1,116.00","1,100.00","1,132.00","1,100.00","35.95K","-2.19%"
"02/27/2020","1,141.00","1,153.00","1,160.00","1,132.00","32.04K","-2.06%"
"02/26/2020","1,165.00","1,154.00","1,172.00","1,136.00","22.89K","-0.09%"
"02/25/2020","1,166.00","1,185.00","1,200.00","1,161.00","25.57K","0.60%"
"02/24/2020","1,159.00","1,157.00","1,167.00","1,141.00","40.04K","-4.92%"
"02/21/2020","1,219.00","1,211.00","1,219.00","1,205.00","19.43K","-0.16%"
"02/20/2020","1,221.00","1,250.00","1,254.00","1,221.00","17.84K","-4.16%"
"02/19/2020","1,274.00","1,274.00","1,279.00","1,265.00","15.75K","1.59%"
"02/18/2020","1,254.00","1,258.00","1,262.00","1,241.00","23.96K","-3.69%"
"02/17/2020","1,302.00","1,298.00","1,309.00","1,290.00","8.15K","0.08%"
"02/14/2020","1,301.00","1,297.00","1,311.00","1,297.00","8.58K","1.40%"
"02/13/2020","1,283.00","1,284.00","1,284.00","1,268.00","8.10K","-0.62%"
"02/12/2020","1,291.00","1,290.00","1,291.00","1,282.00","12.03K","1.57%"
"02/11/2020","1,271.00","1,262.00","1,276.00","1,262.00","5.60K","1.44%"
"02/10/2020","1,253.00","1,250.00","1,257.00","1,247.00","7.26K","0.00%"
"02/07/2020","1,253.00","1,267.00","1,269.00","1,246.00","17.59K","-2.64%"
"02/06/2020","1,287.00","1,293.00","1,294.00","1,282.00","14.46K","1.58%"
"02/05/2020","1,267.00","1,262.00","1,281.00","1,254.00","13.98K","1.04%"
"02/04/2020","1,254.00","1,240.00","1,258.00","1,240.00","20.49K","4.15%"
"02/03/2020","1,204.00","1,190.00","1,210.00","1,190.00","21.58K","2.73%"
"01/31/2020","1,172.00","1,192.00","1,194.00","1,169.00","26.74K","-2.58%"
"01/30/2020","1,203.00","1,200.00","1,210.00","1,189.00","22.26K","-4.07%"
"01/29/2020","1,254.00","1,249.00","1,259.00","1,245.00","6.98K","0.00%"
"01/28/2020","1,254.00","1,244.00","1,254.00","1,238.00","12.83K","0.64%"
"01/27/2020","1,246.00","1,274.00","1,274.00","1,222.00","27.69K","-3.71%"
"01/24/2020","1,294.00","1,295.00","1,308.00","1,292.00","9.66K","0.23%"
"01/23/2020","1,291.00","1,298.00","1,306.00","1,290.00","12.66K","-2.79%"
"01/22/2020","1,328.00","1,336.00","1,337.00","1,324.00","17.07K","0.84%"
"01/21/2020","1,317.00","1,312.00","1,318.00","1,303.00","14.34K","-1.64%"
"01/20/2020","1,339.00","1,339.00","1,345.00","1,338.00","8.04K","1.75%"
"01/17/2020","1,316.00","1,313.00","1,327.00","1,313.00","27.46K","1.08%"
"01/16/2020","1,302.00","1,297.00","1,307.00","1,294.00","25.78K","3.01%"
"01/15/2020","1,264.00","1,262.00","1,270.00","1,252.00","16.61K","-1.86%"
"01/14/2020","1,288.00","1,295.00","1,295.00","1,278.00","20.01K","-0.16%"
"01/13/2020","1,290.00","1,290.00","1,294.00","1,287.00","22.82K","1.02%"
"01/10/2020","1,277.00","1,273.00","1,280.00","1,272.00","12.82K","1.03%"
"01/09/2020","1,264.00","1,253.00","1,267.00","1,253.00","20.79K","3.18%"
"01/08/2020","1,225.00","1,212.00","1,232.00","1,210.00","14.56K","1.66%"
"01/07/2020","1,205.00","1,196.00","1,205.00","1,195.00","8.80K","1.35%"
"01/06/2020","1,189.00","1,189.00","1,189.00","1,175.00","4.63K","-0.34%"
"01/03/2020","1,193.00","1,188.00","1,193.00","1,176.00","11.40K","-0.58%"
"01/02/2020","1,200.00","1,195.00","1,202.00","1,190.00","6.89K","0.59%"